source,field,type,description,count,percent,items,unique,most_frequent_value
AK,callNumberBibliographic_mv,strings,,596748,33 %,596748,6620,XHm
AK,category,text,,1791994,100 %,1791994,6,Bibliotheksdokumente
AK,categoryContent_mv,texts,,1502359,84 %,1508981,15,['Text']
AK,categoryMedia_mv,texts,,1527898,85 %,1629495,32,['Druckschrift']
AK,categoryMedium_mv,texts,,1571598,88 %,1571973,25,['Band']
AK,categoryPublication_mv,texts,,377614,21 %,418829,69,['Rezension']
AK,categorySub,text,,1791974,100 %,1791974,9,Einzelbestandteil / unselbständiges Werk
AK,categorySubSub,text,,1614749,90 %,1614749,29,Druckschrift
AK,classification_category_mv,texts,aus SE category,737871,41 %,1090100,4,['Kette Bibliothek']
AK,classification_display_mv,texts,aus SE display,737924,41 %,1090159,194558,['S14.5 Kunst / Einzelne Künstler']
AK,classification_id_mv,strings,,737924,41 %,1090159,194916,['SE00130035']
AK,classificationSubjectOther_mv,texts,,113998,6 %,140531,884,['12.2p']
AK,confidential,boolean,,1721457,96 %,1721457,1,False
AK,contributor_display_mv,texts,Bündelung aller Beteiligten für die Anzeige,389445,22 %,727577,179853,"['Goethe, Johann Wolfgang von (1749–1832)']"
AK,contributor_id_mv,strings,Bündelung aller Beteiligten für die Anzeige,389445,22 %,727577,180356,['PE00000863']
AK,corporationAbout_display_mv,texts,aus KS display,27477,2 %,29508,13191,"['Schiller-Nationalmuseum und Deutsches Literaturarchiv <Marbach, Neckar> (1955–2005)']"
AK,corporationAbout_id_mv,strings,,27477,2 %,29508,13192,['KS00000246']
AK,corporationBy_creator_mv,strings,,50644,3 %,61821,3,['contributor']
AK,corporationBy_display_mv,texts,aus KS display,50655,3 %,61833,21643,['Arbeitskreis für Deutsche Dichtung (1957)']
AK,corporationBy_id_mv,strings,,50655,3 %,61833,21665,['KS00015383']
AK,corporationBy_role_mv,strings,,50646,3 %,61823,40,"['Sonstige Person, Familie und Körperschaft']"
AK,corporationByConference_creator_mv,strings,,1957,0 %,2015,2,['creator']
AK,corporationByConference_display_mv,texts,aus KS display,1958,0 %,2016,1862,"['Poesiefestival <2010, Berlin>']"
AK,corporationByConference_id_mv,strings,,1958,0 %,2016,1862,['KS00105731']
AK,corporationByConference_role_mv,strings,,1958,0 %,2016,11,['Verfasser/Urheber']
AK,corporationByTerritory_creator_mv,strings,,188,0 %,191,2,['contributor']
AK,corporationByTerritory_display_mv,texts,aus TH display,188,0 %,191,101,['Baden-Württemberg']
AK,corporationByTerritory_id_mv,strings,,188,0 %,191,101,['TH00017632']
AK,corporationByTerritory_role_mv,strings,,169,0 %,172,6,"['Sonstige Person, Familie und Körperschaft']"
AK,country_mv,texts,,558539,31 %,579894,202,['Deutschland']
AK,creator_display_mv,texts,Bündelung aller Urheber für die Anzeige,1288211,72 %,1314853,203676,"['Goethe, Johann Wolfgang von (1749–1832)']"
AK,creator_id_mv,strings,Bündelung aller Urheber für die Anzeige,1288211,72 %,1314853,204338,['PE00000863']
AK,dateCataloged,daterange,,1791941,100 %,1791941,10326,2010-07-04
AK,dateModified,daterange,,1791758,100 %,1791758,7907,2010-07-04
AK,dateOrigin,text,,1688354,94 %,1688354,569,1988
AK,dateOriginComment_mv,texts,,1017938,57 %,1023815,13224,['2002']
AK,description_text_mv,texts,,28532,2 %,29547,412,['farb.']
AK,description_type_mv,strings,,8016,0 %,9024,11,['Kodierungsformat']
AK,digitalObject_accessLevel_mv,strings,aus MM accessLevel,2623,0 %,3395,9,['public']
AK,digitalObject_display_mv,texts,aus MM display,17380,1 %,21491,15710,['Inhaltsverzeichnis Celan-Bibliothek']
AK,digitalObject_fileExtension_mv,strings,aus MM fileExtension,207,0 %,264,30,['pdf']
AK,digitalObject_hyperlink_mv,strings,aus MM hyperlink,2596,0 %,3348,2076,['https://digital.dla-marbach.de/viewer/image/BF00043384/26/?media_access=public&media_thumbnail=BF000433845_0026.tif']
AK,digitalObject_id_mv,strings,,17380,1 %,21491,19175,['MM01497634']
AK,digitalObject_license_mv,strings,aus MM license,52,0 %,58,3,['CC0']
AK,digitalObject_licenseNote_mv,texts,aus MM license,472,0 %,821,83,"['CC BY 4.0 | Open Access', 'CC BY 4.0 | Open Access']"
AK,digitalObject_thumbnail_mv,strings,aus MM thumbnail,1724,0 %,2026,792,"['https://digital.dla-marbach.de/viewer/api/v1/records/BF00043384/files/images/BF000433845_0026.tif/full/!480,480/0/default.jpg']"
AK,display,text,Hauptbezeichnung,1791994,100 %,1791994,1675567,[4 Gedichte]
AK,displayAddition1,text,Dritte Zeile der Trefferliste,1760156,98 %,1760156,1326177,1999
AK,displayAddition2,text,Vierte Zeile der Trefferliste,62875,4 %,62875,12,Volltext Expressionismus Online (De Gruyter)
AK,displayName,text,Zweite Zeile der Trefferliste gebildet aus Personen und Körperschaften,1480000,83 %,1480000,447877,"Kracauer, Siegfried (1889–1966)"
AK,edition,string,,163757,9 %,163757,31409,1. Aufl.
AK,editionNormalized,string,,170116,9 %,170116,5702,1
AK,exportDC,string,Datensatz im DC-Format,1721503,96 %,1721503,1721503,"<oai_dc:dc xmlns:oai_dc=""http://www.openarchives.org/OAI/2.0/oai_dc/"" xmlns:dc=""http://purl.org/dc/elements/1.1/"" xmlns:xsi=""http://www.w3.org/2001/XMLSchema-instance"" xsi:schemaLocation=""http://www.openarchives.org/OAI/2.0/oai_dc/ http://www.openarchives.org/OAI/2.0/oai_dc.xsd"">\n  <dc:title>Auf dem Wege sein : der Schriftsteller Bodo Kirchhoff im Gespräch mit Ekkehart Rudolph : [Gespräch, Interview]</dc:title>\n  <dc:contributor>Kirchhoff, Bodo (1948)</dc:contributor>\n  <dc:contributor>Rudolp (...)"
AK,exportMODS,string,Datensatz im MODS-Format,1721503,96 %,1721503,1721503,"<mods xmlns:xlink=""http://www.w3.org/1999/xlink"" xmlns:xsi=""http://www.w3.org/2001/XMLSchema-instance"" xmlns=""http://www.loc.gov/mods/v3"" version=""3.8"" xsi:schemaLocation=""http://www.loc.gov/mods/v3 http://www.loc.gov/standards/mods/v3/mods-3-8.xsd"">\n  <titleInfo>\n    <title>Der unheimliche Mitspieler</title>\n    <subTitle>Erzählungen</subTitle>\n  </titleInfo>\n  <name type=""personal"">\n    <namePart>Gaeng, Richard (1899–1983)</namePart>\n    <nameIdentifier type=""gnd"">116333251</nameIdentif (...)"
AK,exportRIS,string,Datensatz im RIS-Format,1721503,96 %,1721503,1721503,"TY  - GEN\nAV  - nur bibliographischer Nachweis, nicht im Bestand des DLA\nDA  - 1979\nID  - AK01498802\nJF  - Kaspar : Zeitschr. über den Umgang mit Literatur\nLA  - Deutsch\nM2  - Zeitschriftenheft\nPY  - 1979\nTI  - Kaspar : Zeitschr. über den Umgang mit Literatur. - 2 (1979), 2\nUR  - https://www.dla-marbach.de/find/opac/id/AK01498802/\nVL  - 2 (1979), 2\nER  -"
AK,extent,text,,634316,35 %,634316,68166,3 Blatt
AK,extentFormat,text,,14955,1 %,14955,1466,8
AK,extentIllustrations_mv,texts,,181085,10 %,181103,3395,['Ill.']
AK,extentSupplements,text,,13061,1 %,13061,3126,1 Faltblatt
AK,filterAuthority_mv,strings,Facette Personen und Körperschaften,1516740,85 %,2684918,341700,"['Kracauer, Siegfried (1889–1966)']"
AK,filterAuthorityRelation_mv,strings,Facette Personen und Körperschaften mit Relationen,1516740,85 %,2806759,392607,"['Kracauer, Siegfried (1889–1966)␝Von']"
AK,filterAuthorityRole_mv,strings,Facette Personen und Körperschaften mit Funktionsbezeichnungen,1516740,85 %,2841529,522016,"['Kracauer, Siegfried (1889–1966)␝Verfasser/Urheber']"
AK,filterBibliography_mv,strings,Facette Bibliographie,11982,1 %,12001,15,['Döblin-Bibliographie']
AK,filterCollection_mv,strings,Facette Sammlung,126213,7 %,154031,398,['G:Tucholsky-Archiv (Marbacher Forschungsbibliothek)']
AK,filterDatePoint_mv,datepoints,Facette Zeit (Zeitpunkte),1688526,94 %,1814240,19789,['1988-01-01T00:00:00Z']
AK,filterDateRange_mv,dateranges,Facette Zeit (Zeiträume),1688526,94 %,1814408,20675,['1988']
AK,filterDigital,boolean,Filter Digital,55201,3 %,55201,1,True
AK,filterFormContent_mv,strings,Facette Form und Inhalt,1194447,67 %,1676892,377,['Aufsatz']
AK,filterLanguage_mv,strings,Facette Sprache,889782,50 %,948207,172,['Deutsch']
AK,filterLanguageType_mv,strings,Facette Sprache mit Typ,889782,50 %,954052,280,['Deutsch␝Original']
AK,filterLocation_mv,strings,Facette Ort,660304,37 %,832030,19778,['Berlin']
AK,filterLocationType_mv,strings,Facette Ort mit Typ,660304,37 %,835652,21428,['Berlin␝Erscheinungsort']
AK,filterMedium_mv,strings,Facette Sammlung,1667195,93 %,1800265,35,['Beitrag']
AK,filterRecent,daterange,Facette Neu im Katalog,1791941,100 %,1791941,10326,2010-07-04
AK,filterSource,string,Facette Datenbestand,1791994,100 %,1791994,2,Bibliotheksmaterialien
AK,filterSubject_mv,strings,Facette Thema,737924,41 %,1890050,103617,['Kunst / Einzelne Künstler']
AK,filterType,string,Facette Medientyp,1791994,100 %,1791994,6,Gedrucktes
AK,genreOther_mv,texts,,400220,22 %,428094,369,['Erzählende Prosa']
AK,gnd_id_mv,strings,GND-Nummer für Werktitel extrahiert aus vendor_id_mv / vendor_type_mv,47130,3 %,47132,47113,['1139057510']
AK,headword_mv,texts,,38761,2 %,44331,27256,['sämtliche']
AK,id,string,,1791994,100 %,1791994,1791994,AK01272567
AK,identifier_id_mv,strings,,1026944,57 %,1733619,1633364,"['00,L01']"
AK,identifier_type_mv,strings,,1023877,57 %,1730526,73,['572y']
AK,index,text,,773,0 %,773,752,Index in: Répertoire international de la presse musicale
AK,inventory,text,,6226,0 %,6226,5554,Bd 1.2. (1987)
AK,inventoryMissing,text,,22,0 %,22,22,"[N=49.1928,12-13u.19-20]"
AK,isbn_mv,strings,,276320,15 %,349730,289664,"['3-598-50924-3', '3-598-50017-3', '3-598-50050-5', '3-598-50055-6']"
AK,ismn_mv,strings,,183,0 %,193,192,['979-10-240-1354-1']
AK,issn_mv,strings,,7328,0 %,7977,7376,['0931-7961']
AK,item_accessionNumber_mv,strings,aus AU accessionNumber,571410,32 %,641921,567267,['91.4636;0']
AK,item_broadcastDate_mv,strings,aus AU broadcastDate,74364,4 %,74486,19351,['1977']
AK,item_broadcastStation_mv,texts,aus AU broadcastStation,73414,4 %,73527,636,['SWR 2']
AK,item_callNumberCollection_mv,texts,aus AU callNumberCollection_mv getrennt mit ␝ (U+241D),122755,7 %,181276,371,"['G:Wolfskehl, Karl (Virtuelle Bibliothek Kiechlinsbergen 1937)␝G:Wolfskehl, Karl (Virtuelle Rekonstruktion des Buchbesitzes)']"
AK,item_callNumberItem_mv,strings,aus AU callNumberItem,864379,48 %,939379,127221,['Y']
AK,item_callNumberItemSuffix_mv,strings,aus AU callNumberItemSuffix,164990,9 %,190146,51662,['Teils.']
AK,item_callNumberReadingRoom_mv,strings,aus AU callNumberReadingRoom,19761,1 %,24307,2356,['MS:1A/004-006']
AK,item_classification_display_mv,texts,aus AU classification_display_mv getrennt mit ␝ (U+241D),56482,3 %,84051,29687,"['1937 / Kiechlinsbergen / Wolfskehl, Karl␝1937 / 1938 / Berlin / Schocken, Salman␝1938 / Jerusalem / Schockenbibliothek']"
AK,item_classification_id_mv,strings,aus AU classification_id_mv getrennt mit ␝ (U+241D),56482,3 %,84051,29712,['SE00239168␝SE00239169␝SE00241087']
AK,item_collection_display_mv,texts,aus AU collection_display_mv getrennt mit ␝ (U+241D),126213,7 %,184951,417,"['G:Wolfskehl, Karl (Virtuelle Bibliothek Kiechlinsbergen 1937) - [Geschlossener Bestand der Bibliothek, Nachlass]␝G:Wolfskehl, Karl (Virtuelle Rekonstruktion des Buchbesitzes) - [Geschlossener Bestand der Bibliothek, Nachlass]']"
AK,item_collection_id_mv,strings,aus AU collection_id_mv getrennt mit ␝ (U+241D),126213,7 %,184951,417,['BF00042676␝BF00042464']
AK,item_corporationAt_display_mv,texts,aus AU corporationAt_display_mv getrennt mit ␝ (U+241D),25663,1 %,38922,365,['Schockenbibliothek']
AK,item_corporationAt_id_mv,strings,aus AU corporationAt_id_mv getrennt mit ␝ (U+241D),25663,1 %,38922,365,['KS00134857']
AK,item_digitalObject_accessLevel_mv,strings,aus AU digitalObject_accessLevel_mv getrennt mit ␝ (U+241D),52,0 %,95,4,['public']
AK,item_digitalObject_display_mv,texts,aus AU digitalObject_display_mv getrennt mit ␝ (U+241D),52,0 %,95,5,['Digitalisat: Zugang']
AK,item_digitalObject_fileExtension_mv,strings,aus AU digitalObject_fileExtension_mv getrennt mit ␝ (U+241D),2,0 %,7,2,"['␣', 'pdf']"
AK,item_digitalObject_hyperlink_mv,strings,aus AU digitalObject_hyperlink_mv getrennt mit ␝ (U+241D),52,0 %,95,52,"['https://digital.dla-marbach.de/viewer/image/AU00380415/?media_access=public&media_license=CC0', '␣']"
AK,item_digitalObject_id_mv,strings,aus AU digitalObject_id_mv getrennt mit ␝ (U+241D),52,0 %,95,52,"['MM01562698', '␣']"
AK,item_digitalObject_license_mv,strings,aus AU digitalObject_license_mv getrennt mit ␝ (U+241D),46,0 %,76,2,['CC0']
AK,item_digitalObject_licenseNote_mv,texts,aus AU digitalObject_licenseNote_mv getrennt mit ␝ (U+241D),???,???,???,???,???
AK,item_digitalObject_thumbnail_mv,strings,aus AU digitalObject_thumbnail_mv getrennt mit ␝ (U+241D),49,0 %,82,49,"['https://digital.dla-marbach.de/viewer/api/v1/records/AU00380415/files/images/AU00380415_0001.tif/full/!480,480/0/default.jpg', '␣']"
AK,item_display_mv,texts,aus AU display,870244,49 %,945479,61105,['ohne Titel']
AK,item_enveloped_mv,booleans,aus AU enveloped,61009,3 %,69708,2,['true']
AK,item_id_mv,strings,,870244,49 %,945479,945479,['AU00087844']
AK,item_location_mv,texts,aus AU location_mv getrennt mit ␝ (U+241D),866506,48 %,941740,27,['Bibliotheksmagazin']
AK,item_noteOther_mv,texts,aus AU noteOther_mv getrennt mit ␝ (U+241D),6245,0 %,11225,2718,['BKSigel:RL']
AK,item_noteProvenance_mv,texts,aus AU noteProvenance_type_mv und noteProvenance_text_mv,18734,1 %,28052,9069,['Sammlungsbezogener Suchbegriff: Koselleck-Schlagwort-Notiz']
AK,item_personAt_display_mv,texts,aus AU personAt_display_mv getrennt mit ␝ (U+241D),100604,6 %,150515,3464,"['Koselleck, Reinhart (1923–2006)']"
AK,item_personAt_id_mv,strings,aus AU personAt_id_mv getrennt mit ␝ (U+241D),100604,6 %,150515,3465,['PE00000144']
AK,item_provenance_mv,booleans,aus AU provenance,119468,7 %,175369,2,['true']
AK,item_usageRestriction_mv,texts,aus AU usageRestriction,870175,49 %,945410,5,['benutzbar']
AK,item_usageRestrictionNote_mv,texts,aus AU usageRestrictionNote,83384,5 %,111469,12,['bedingt benutzbar\nRara-Bestand\nBitte wenden Sie sich an die Auskunft der Bibliothek.\nE-Mail: bibliothek@dla-marbach.de\nTelefon: +49 7144 848 317']
AK,item_virtualRecording_mv,texts,aus AU virtualRecording getrennt mit ␝ (U+241D),1295,0 %,1564,1180,['Auflage der Ausgabe nicht ermittelbar']
AK,journalIssue_display_mv,texts,aus AK display,3235,0 %,3235,684,"Hesperus : encyclopädische Zeitschrift für gebildete Leser. - (1816), H.1-5 = Nr.1-30 [Jg.unvollst.]"
AK,journalIssue_id_mv,strings,,3235,0 %,3235,684,AK00124565
AK,language_mv,texts,,889965,50 %,912856,179,['Deutsch']
AK,languageOriginal_mv,texts,,40878,2 %,41733,167,['Deutsch']
AK,linkCommonsImage_file_mv,strings,aus lobid-gnd depiction und Wikidata P18,1355,0 %,1476,1451,['Plato%20Silanion%20Musei%20Capitolini%20MC1377.jpg']
AK,linkCommonsImage_rights_mv,strings,generiert aus Wikimedia Commons Artist/License,1355,0 %,1476,975,['Wikimedia Commons | Public domain']
AK,linkFilmportal_mv,strings,aus lobid-gnd sameAs:filmportal und Wikidata P2639,440,0 %,441,441,['b547d514862742249b6e993dc93a6e1e']
AK,linkWikidata,string,aus lobid-gnd,7207,0 %,7207,7200,Q766086
AK,linkWikidataWebsite_mv,strings,aus Wikidata P856,122,0 %,147,146,['https://qualityland.de/']
AK,linkWikipedia,string,aus lobid-gnd sameAs:dewiki,???,???,???,???,???
AK,note,text,,732,0 %,732,584,Gedicht
AK,noteBibliography_mv,texts,,11982,1 %,12001,15,['Döblin-Bibliographie']
AK,noteContent_mv,texts,,42814,2 %,42814,20304,Photo
AK,noteExplanatory_text_mv,texts,,19578,1 %,31776,19904,['Werktitel als Wissensraum']
AK,noteExplanatory_type_mv,strings,,19542,1 %,31740,21,['Geschichte des Werks']
AK,noteFootnote_text_mv,texts,,246507,14 %,337824,179756,['In Fraktur']
AK,noteFootnote_type_mv,strings,,246507,14 %,337824,122,['501']
AK,noteOther_mv,texts,,12,0 %,34,15,['Dupliziervorlage']
AK,noteRemark_text_mv,texts,,10289,1 %,22988,11516,['Bibl. Sander']
AK,noteRemark_type_mv,strings,,10267,1 %,22966,11,"['Inhalt', 'Bibliografischer Nachweis']"
AK,noteRequirements_mv,texts,,538,0 %,658,544,['Acrobat-Reader']
AK,parent_display_mv,texts,aus AK display,1326843,74 %,1447057,96879,['[Jugend <München>] Jugend : Münchner illustrierte Wochenschrift für Kunst und Leben']
AK,parent_displayAddition1_mv,texts,aus AK displayAddition1,1326335,74 %,1446547,68792,"['München : Verl. d. Jugend, 1.1896 - 45.1940,13; damit Ersch. eingest..']"
AK,parent_id_mv,strings,,1326843,74 %,1447057,101380,['AK00006781']
AK,parent_titleResponsability_mv,texts,aus AK titleResponsability,940450,52 %,1044320,42032,['X']
AK,parent_type_mv,strings,,1089275,61 %,1209410,12,"['Teil einer fortlaufenden Zusammenstellung, Aufsatz (z.B. Zeitschrift)']"
AK,parentIssueDate,daterange,,4584,0 %,4584,3236,1928-08-10
AK,parentIssueNumber,string,,77381,4 %,77381,2813,1
AK,parentIssuePage,string,,159782,9 %,159782,26155,Seite 1
AK,parentIssueVolume,string,,1624,0 %,1624,336,2
AK,parentIssueYear,string,,13351,1 %,13351,1357,2005
AK,parentIssueYearVolume,string,,66323,4 %,66323,519,32
AK,parentTitleOriginal_mv,texts,,177498,10 %,184566,150148,['Neue Bücher']
AK,parentVolume_mv,strings,,265344,15 %,277406,78188,['1']
AK,parentVolumeNormalized_mv,strings,,267276,15 %,279641,63090,['11']
AK,parentVolumeTotal,string,,765498,43 %,765498,582317,(2006)
AK,personAbout_display_mv,texts,aus PE display,482798,27 %,577247,41803,"['Goethe, Johann Wolfgang von (1749–1832)']"
AK,personAbout_id_mv,strings,,482798,27 %,577247,41812,['PE00000863']
AK,personBy_creator_mv,strings,,1460659,82 %,1995382,3,['creator']
AK,personBy_display_mv,texts,aus PE display,1460676,82 %,1995403,297246,"['Kracauer, Siegfried (1889–1966)']"
AK,personBy_id_mv,strings,,1460676,82 %,1995403,298610,['PE00003459']
AK,personBy_role_mv,strings,,1459661,81 %,1994272,59,['Verfasser/Urheber']
AK,publicationHistory,text,,24476,1 %,24476,18924,Band 1-
AK,publisher_display_mv,texts,aus KS display,548979,31 %,562573,36152,['Suhrkamp']
AK,publisher_id_mv,strings,,548979,31 %,562573,39196,['KS00000156']
AK,publisherOriginal_text_mv,texts,,586057,33 %,605582,87971,['Suhrkamp']
AK,publisherOriginal_type_mv,strings,,583756,33 %,603053,9,['Veröffentlichung']
AK,publisherOriginalLocation_mv,texts,,629664,35 %,651382,23586,['Berlin']
AK,reference_text_mv,texts,,25428,1 %,38442,6777,['DNB']
AK,reference_type_mv,strings,,25407,1 %,38415,8,['positiv']
AK,relation_comment_mv,texts,,197,0 %,772,43,['Enthält']
AK,relation_id_mv,strings,,57256,3 %,85579,51261,['AK00121480']
AK,relation_text_mv,texts,,57536,3 %,85894,51734,"['Kirsch, Sarah (1935-2013). Schwanenliebe (Zusammenstellung : 2001)']"
AK,relation_type_mv,strings,,57564,3 %,85923,192,['Rezension von']
AK,schemaVersion,string,,1791994,100 %,1791994,1,0.12.0
AK,scholarlyPublication_date_mv,texts,,2729,0 %,2766,139,['2015']
AK,scholarlyPublication_location_mv,texts,,21784,1 %,21845,822,['München']
AK,scholarlyPublication_text_mv,texts,,2835,0 %,2874,645,['Univ.']
AK,scholarlyPublication_type_mv,strings,,2852,0 %,2891,43,['Dissertation']
AK,searchCollectionCreator_display_mv,texts,Personen/Körperschaften mit Relation „Über“ aus verknüpften Bestandsdatensätzen (BF),126213,7 %,185478,353,"['Jünger, Ernst (1895–1998)']"
AK,searchCollectionCreator_id_mv,strings,Personen/Körperschaften mit Relation „Über“ aus verknüpften Bestandsdatensätzen (BF),126213,7 %,185478,353,['PE00001233']
AK,searchEntity_id_mv,strings,IDs der Normdaten-Verweise,1555001,87 %,3526178,449310,['PE00003977']
AK,searchEntityScore,pint,Anzahl der Verweise auf den Normdatensatz,70491,4 %,70491,248,3
AK,searchSuggestPayload,string,ID und Anzeigetitel für Suggester (Trennzeichen: ␝),70491,4 %,70491,70491,"AK01801862␝Kästner, Erich (1899-1974). Deine Hände (Lyrik : 1920)"
AK,searchSuggestTerm_mv,strings,Suchbegriffe für Suggester,70491,4 %,126305,124932,"['Kracauer, Siegfried (1889-1966). Ginster (1928)']"
AK,source,string,,1791994,100 %,1791994,1,AK
AK,statusCataloging,string,,836853,47 %,836853,10,"f-fertig, i-fertig"
AK,statusEditing,string,,1616137,90 %,1616137,13,Retrokonversion
AK,statusJournalReview,string,,8111,0 %,8111,11,Zeitschriftenheft ausgewertet
AK,subject_display_mv,texts,aus TH display,140696,8 %,178446,12666,['Berlin']
AK,subject_id_mv,strings,,140696,8 %,178446,12683,['TH00000233']
AK,subject_useTerm_mv,texts,aus TH useTerm_display_mv,18,0 %,18,14,Opava
AK,subject_usedFor_mv,texts,aus TH usedFor_display_mv,116585,7 %,868528,23267,"['Grossberlin', 'Groß-Berlin', 'Haupt- und Residenz-Stadt Berlin', 'Reichshauptstadt Berlin', 'Berlino', 'Berolino', 'Stadtgemeinde Berlin', 'Hauptstadt Berlin', 'Birlin', 'Barlin', 'Berolinon', 'Land Berlin', 'Coloniae Brandenburgicae', 'Berlinum', 'Verolino', 'Berolinum', 'Cölln an der Spree', 'Colonia Brandenburgica', 'Colonia Marchica', 'Cöln an der Spree', 'Berlin <1945-1948>', '""Besonderes Gebiet"" Berlin', 'Groß-Berlin']"
AK,subjectOther_mv,texts,,157429,9 %,233096,161369,['Frau']
AK,subseries,text,,1988,0 %,1988,1497,Sonderheft
AK,supplements_id_mv,strings,zugeordnete Materialien aus BI und HS,15432,1 %,16658,16658,['HS00739377']
AK,textualHolding_mv,texts,Bestandsangabe für Zeitschriften,14404,1 %,19838,19334,['Serie; Bestandsnachweis im AK']
AK,title,text,,1791908,100 %,1791908,1625520,Gedichte
AK,titleMain_text,text,,1520773,85 %,1520773,1110295,Gedichte
AK,titleOther_language_mv,texts,,38971,2 %,68285,151,['Deutsch']
AK,titleOther_text_mv,texts,,115932,6 %,170171,147362,['Werke']
AK,titleOther_type_mv,strings,,115757,6 %,169980,30,['370n']
AK,titleResponsability,text,,1370171,76 %,1370171,498345,X
AK,titleResponsabilityFull,text,,3416,0 %,3416,2832,Oskar Pastior
AK,titleShort,text,,173,0 %,173,169,MARC
AK,titleSuffix,text,,765478,43 %,765478,469198,[Gedicht]
AK,url,string,,1791994,100 %,1791994,1791994,https://www.dla-marbach.de/find/opac/id/AK00464369
AK,usageRestrictionNote,text,Benutzungshinweis,163356,9 %,163356,5,"nicht benutzbar\nnur bibliographischer Nachweis, nicht im Bestand des DLA!"
AK,vendor_id_mv,strings,,1111147,62 %,1189717,698785,['GEMEL. 20090818']
AK,vendor_type_mv,strings,,1111136,62 %,1189706,21,['K10Plus-PPN']
AK,website_description_mv,texts,,127177,7 %,147706,4440,['Inhaltsverzeichnis']
AK,website_url_mv,strings,,133748,7 %,154930,139153,['http://www.munzinger.de/search/go/nr/inhalt.jsp?ausgabe=1890*']
AK,work_display_mv,texts,aus AK display,63764,4 %,63764,25959,"Schiller, Friedrich von (1759-1805). Wilhelm Tell (Drama : 1804)"
AK,work_id_mv,strings,,63764,4 %,63764,26071,AK00000039
AK,workAbout_display_mv,texts,aus AK display,114607,6 %,132394,35674,"['Goethe, Johann Wolfgang von (1749-1832). Faust (Drama)']"
AK,workAbout_id_mv,strings,,114607,6 %,132394,35795,['AK00032651']
AK,workAbout_titleOther_text_mv,texts,aus AK titleOther_text_mv,73926,4 %,87888,9394,['Faust et le second Faust\nFausti']
AK,workCompilation_display_mv,texts,aus AK display,5701,0 %,13059,6017,"['Tucholsky, Kurt (1890-1935). Rheinsberg (Erzählung : 1912)']"
AK,workCompilation_id_mv,strings,,5701,0 %,13059,6022,['AK00035167']
AU,accessionNumber,string,,620406,64 %,620406,567404,91.4636;0
AU,broadcastDate,daterange,,74445,8 %,74445,19350,1977
AU,broadcastStation,text,,73483,8 %,73483,635,SWR 2
AU,callNumberCollection_mv,texts,,143818,15 %,156791,350,['G:Tucholsky-Archiv (Marbacher Forschungsbibliothek)']
AU,callNumberItem,string,,939413,97 %,939413,127223,Y
AU,callNumberItemSuffix,string,,176033,18 %,176033,51665,Teils.
AU,callNumberReadingRoom,string,,20335,2 %,20335,2356,MS:1A/004-006
AU,classification_display_mv,texts,aus SE display,60241,6 %,145783,33284,"['1937 / Kiechlinsbergen / Wolfskehl, Karl', '1937 / 1938 / Berlin / Schocken, Salman', '1938 / Jerusalem / Schockenbibliothek']"
AU,classification_id_mv,strings,,60241,6 %,145783,33417,"['SE00239168', 'SE00239169', 'SE00241087']"
AU,collection_display_mv,texts,aus BF display,147388,15 %,160190,398,"['G:Tucholsky-Archiv (Marbacher Forschungsbibliothek) - [Geschlossener Bestand der Bibliothek, Nachlass, Autorenbibliothek]']"
AU,collection_id_mv,strings,,147388,15 %,160190,398,['BF00019580']
AU,confidential,boolean,,???,???,???,???,???
AU,corporationAt_display_mv,texts,aus KS display,27546,3 %,27780,364,['Schockenbibliothek']
AU,corporationAt_id_mv,strings,,27546,3 %,27780,364,['KS00134857']
AU,dateCataloged,daterange,,971755,100 %,971755,7494,2021-04-15
AU,dateModified,daterange,,971758,100 %,971758,7415,2021-04-15
AU,digitalObject_accessLevel_mv,strings,aus MM accessLevel,52,0 %,53,3,['public']
AU,digitalObject_display_mv,texts,aus MM display,52,0 %,53,5,['Digitalisat: Zugang']
AU,digitalObject_fileExtension_mv,strings,aus MM fileExtension,2,0 %,2,1,pdf
AU,digitalObject_hyperlink_mv,strings,aus MM hyperlink,52,0 %,53,52,['https://digital.dla-marbach.de/viewer/image/AU00380415/?media_access=public&media_license=CC0']
AU,digitalObject_id_mv,strings,,52,0 %,53,52,['MM01562698']
AU,digitalObject_license_mv,strings,aus MM license,46,0 %,46,1,CC0
AU,digitalObject_licenseNote_mv,texts,aus MM license,???,???,???,???,???
AU,digitalObject_thumbnail_mv,strings,aus MM thumbnail,49,0 %,49,48,"https://digital.dla-marbach.de/viewer/api/v1/records/AU00380415/files/images/AU00380415_0001.tif/full/!480,480/0/default.jpg"
AU,display,text,Hauptbezeichnung,971758,100 %,971758,61114,ohne Titel
AU,enveloped,boolean,,63681,7 %,63681,1,True
AU,id,string,,971758,100 %,971758,971758,AU00536645
AU,location_mv,texts,,941927,97 %,941927,26,Bibliotheksmagazin
AU,manifestation_display,text,aus AK display,945486,97 %,945486,841708,Gedichte
AU,manifestation_id,string,,945486,97 %,945486,870268,AK01600579
AU,mediaNumber,string,,971739,100 %,971739,971738,AK004647723
AU,note,text,,111189,11 %,111189,61113,Kopie
AU,noteOther_mv,texts,,6469,1 %,6469,2718,BKSigel:RL
AU,noteProvenance_text_mv,texts,,19182,2 %,31835,9507,['Koselleck-Schlagwort-Notiz']
AU,noteProvenance_type_mv,strings,,21126,2 %,33779,6,"['Inventar-Nummer', 'Sachgebiet']"
AU,personAt_display_mv,texts,aus PE display,117439,12 %,148311,3464,"['Jünger, Ernst (1895–1998)']"
AU,personAt_id_mv,strings,,117439,12 %,148311,3465,['PE00001233']
AU,provenance,boolean,,137587,14 %,137587,1,True
AU,schemaVersion,string,,971758,100 %,971758,1,0.12.0
AU,source,string,,971758,100 %,971758,1,AU
AU,statusItem,string,,971758,100 %,971758,4,Verfügbar
AU,statusLoan,string,,971758,100 %,971758,7,Am Standort
AU,url,string,,971758,100 %,971758,971758,https://www.dla-marbach.de/find/opac/id/AU00977622
AU,usageRestriction,text,,971689,100 %,971689,5,benutzbar
AU,usageRestrictionNote,text,Benutzungshinweis,89028,9 %,89028,11,bedingt benutzbar\nRara-Bestand\nBitte wenden Sie sich an die Auskunft der Bibliothek.\nE-Mail: bibliothek@dla-marbach.de\nTelefon: +49 7144 848 317
AU,virtualRecording,text,,1309,0 %,1309,1179,Tausenderzählung der Auflage nicht ermittelbar
BE,accessionNumber,string,,6435,100 %,6435,6433,HS.1988.0005
BE,corporationAt_display_mv,texts,aus KS display,29,0 %,29,27,Schwäbischer Schillerverein (1895–1947)
BE,corporationAt_id_mv,strings,,29,0 %,29,27,KS00002907
BE,department,string,,6463,100 %,6463,5,HS
BE,display,text,Hauptbezeichnung,6463,100 %,6463,6390,Unbekannt
BE,id,string,,6463,100 %,6463,6463,BE00009061
BE,personAt_display_mv,texts,aus PE display,326,5 %,368,321,"['Meinke, Hanns (1884–1974)']"
BE,personAt_id_mv,strings,,326,5 %,368,321,['PE00004473']
BE,schemaVersion,string,,6463,100 %,6463,1,0.12.0
BE,source,string,,6463,100 %,6463,1,BE
BE,statusLoan,string,,6413,99 %,6413,7,Am Standort
BE,title,text,,6463,100 %,6463,6390,Unbekannt
BE,url,string,,6463,100 %,6463,6463,https://www.dla-marbach.de/find/opac/id/BE00002838
BE,usageRestriction,text,,6424,99 %,6424,3,benutzbar
BE,usageRestrictionComment,text,,81,1 %,81,79,Kopien nur nach Rücksprache
BF,accession_display,text,aus BE display,2902,6 %,2902,646,Verlagsarchiv Suhrkamp
BF,accession_id,string,,2902,6 %,2902,647,BE00005721
BF,accessionNumber,string,,2902,6 %,2902,647,SU.2010.0002
BF,category,text,,48800,100 %,48800,20,Zeitungsausschnittsammlung der Mediendokumentation
BF,categoryIndex_mv,texts,,1476,3 %,1700,8,['Belletristik']
BF,categorySub,text,,14835,30 %,14835,8,Nachlass
BF,categorySubSub,text,,441,1 %,441,46,Autorenbibliothek
BF,confidential,boolean,,48800,100 %,48800,1,False
BF,content,text,,34935,72 %,34935,17289,Gedruckte literarische Dokumente
BF,corporationAbout_display_mv,texts,aus KS display,171,0 %,194,94,['Rowohlt Verlag (1945)']
BF,corporationAbout_id_mv,strings,,171,0 %,194,94,['KS00142607']
BF,corporationAbout_role_mv,strings,,4,0 %,6,4,['[Behandelte Körperschaft]']
BF,corporationAt_display_mv,texts,aus KS display,4666,10 %,5416,2005,"['Suhrkamp-Verlag <Frankfurt, Main> (1950)']"
BF,corporationAt_id_mv,strings,,4666,10 %,5416,2007,['KS00001261']
BF,corporationBy_display_mv,texts,aus KS display,8,0 %,8,7,"Doblin, Claude"
BF,corporationBy_id_mv,strings,,8,0 %,8,7,KS00013306
BF,dateCataloged,daterange,,48800,100 %,48800,4755,1999-03-06
BF,dateModified,daterange,,48800,100 %,48800,3917,2019-01-29
BF,dateOriginEnd,daterange,,4520,9 %,4520,153,2000
BF,dateOriginStart,daterange,,21323,44 %,21323,264,1976
BF,dateOther_mv,texts,,26,0 %,26,6,Verleihung
BF,department,string,,48800,100 %,48800,5,Mediendokumentation
BF,digitalObject_accessLevel_mv,strings,aus MM accessLevel,131,0 %,163,2,['public']
BF,digitalObject_display_mv,texts,aus MM display,136,0 %,172,170,['Hinweise zur Recherche']
BF,digitalObject_fileExtension_mv,strings,aus MM fileExtension,87,0 %,119,2,['pdf']
BF,digitalObject_hyperlink_mv,strings,aus MM hyperlink,131,0 %,163,162,['https://digital.dla-marbach.de/files/dbst02/public/2021/20211029/20211029-0011.pdf?media_access=public']
BF,digitalObject_id_mv,strings,,136,0 %,172,171,"['MM01413654', 'MM01554804']"
BF,digitalObject_license_mv,strings,aus MM license,???,???,???,???,???
BF,digitalObject_licenseNote_mv,texts,aus MM license,???,???,???,???,???
BF,digitalObject_thumbnail_mv,strings,aus MM thumbnail,44,0 %,44,44,"https://digital.dla-marbach.de/viewer/api/v1/records/BF00043387/files/images/BF000433872_0001.tif/full/!480,480/0/default.jpg"
BF,display,text,Hauptbezeichnung,48800,100 %,48800,48792,"Z:Schmitz, Werner - [Zeitungsausschnittsammlung der Mediendokumentation]"
BF,displayAddition1,text,Dritte Zeile der Trefferliste,42057,86 %,42057,1391,1 Mappe
BF,displayName,text,Zweite Zeile der Trefferliste gebildet aus Personen und Körperschaften,45608,93 %,45608,28262,"Suhrkamp-Verlag <Frankfurt, Main> (1950)"
BF,exportDC,string,Datensatz im DC-Format,48800,100 %,48800,48800,"<oai_dc:dc xmlns:oai_dc=""http://www.openarchives.org/OAI/2.0/oai_dc/"" xmlns:dc=""http://purl.org/dc/elements/1.1/"" xmlns:xsi=""http://www.w3.org/2001/XMLSchema-instance"" xsi:schemaLocation=""http://www.openarchives.org/OAI/2.0/oai_dc/ http://www.openarchives.org/OAI/2.0/oai_dc.xsd"">\n  <dc:title>Z:Kraft, Zdenko von - [Zeitungsausschnittsammlung der Mediendokumentation]</dc:title>\n  <dc:creator>Kraft, Zdenko von (1886–1979)</dc:creator>\n  <dc:type>Zeitungsausschnitt</dc:type>\n  <dc:type>Bestand</ (...)"
BF,exportMODS,string,Datensatz im MODS-Format,48800,100 %,48800,48800,"<mods xmlns:xlink=""http://www.w3.org/1999/xlink"" xmlns:xsi=""http://www.w3.org/2001/XMLSchema-instance"" xmlns=""http://www.loc.gov/mods/v3"" version=""3.8"" xsi:schemaLocation=""http://www.loc.gov/mods/v3 http://www.loc.gov/standards/mods/v3/mods-3-8.xsd"">\n  <titleInfo>\n    <title>Z:Specht, Kerstin - [Zeitungsausschnittsammlung der Mediendokumentation]</title>\n  </titleInfo>\n  <name type=""personal"">\n    <namePart>Specht, Kerstin (1956)</namePart>\n    <nameIdentifier type=""gnd"">120577194</nameIde (...)"
BF,exportRIS,string,Datensatz im RIS-Format,48800,100 %,48800,48800,"TY  - GEN\nAU  - Schöffler, Heinz\nAV  - bedingt benutzbar. Die Benutzung ist nach vorheriger Terminabsprache bedingt möglich. Bitte wenden Sie sich nach der Bestellung an das Referat Mediendokumentation.. E-Mail: mediendokumentation@dla-marbach.de\nCN  - BF000132289\nDB  - H:Schöffler, Heinz\nID  - BF00013228\nM3  - Teilnachlass\nN1  - Umfang: 1 Konvolut\nN1  - ungeordnet: 1 Mappen\nN2  - Zeitungsausschnitte von und über Heinz Schöffler, Drucksachen\nTI  - H:Schöffler, Heinz - [Geschlossener Be (...)"
BF,extent,text,,42057,86 %,42057,1391,1 Mappe
BF,filterAuthority_mv,strings,Facette Personen und Körperschaften,45608,93 %,49377,28909,"['Grimm, Hans (1875–1959)']"
BF,filterAuthorityRelation_mv,strings,Facette Personen und Körperschaften mit Relationen,45608,93 %,49523,29863,"['Grimm, Hans (1875–1959)␝Unter']"
BF,filterAuthorityRole_mv,strings,Facette Personen und Körperschaften mit Funktionsbezeichnungen,45608,93 %,49523,29866,"['Grimm, Hans (1875–1959)␝Bestandsbildner/Vorbesitzer']"
BF,filterCollection_mv,strings,Facette Sammlung,17141,35 %,17141,17129,"H:Arnheim, Rudolf"
BF,filterDatePoint_mv,datepoints,Facette Zeit (Zeitpunkte),21326,44 %,25338,289,['1976-01-01T00:00:00Z']
BF,filterDateRange_mv,dateranges,Facette Zeit (Zeiträume),21326,44 %,21326,1681,1976
BF,filterDigital,boolean,Filter Digital,45,0 %,45,1,True
BF,filterFormContent_mv,strings,Facette Form und Inhalt,42755,88 %,42765,11,['Zeitungsausschnitt']
BF,filterLocation_mv,strings,Facette Ort,675,1 %,712,358,['Deutschland <DDR>']
BF,filterLocationType_mv,strings,Facette Ort mit Typ,675,1 %,712,358,['Deutschland <DDR>␝Schlagwort']
BF,filterMultipart,boolean,Filter Mehrteilig,48800,100 %,48800,1,True
BF,filterRecent,daterange,Facette Neu im Katalog,48800,100 %,48800,4755,1999-03-06
BF,filterSource,string,Facette Datenbestand,48800,100 %,48800,1,Nachlässe und Spezialsammlungen
BF,filterSubject_mv,strings,Facette Thema,3469,7 %,3809,2953,['Deutschland <DDR>']
BF,filterType,string,Facette Medientyp,48800,100 %,48800,5,Gedrucktes
BF,id,string,,48800,100 %,48800,48800,BF00026411
BF,itemization_extent_mv,strings,,3598,7 %,4362,386,['1']
BF,itemization_status_mv,strings,,3834,8 %,4615,9,['katalogisiert']
BF,itemization_unit_mv,strings,,3581,7 %,4344,17,['Kästen']
BF,location_mv,texts,,6135,13 %,6213,465,['Regalachse D 26']
BF,mediaNumber,string,,48800,100 %,48800,48800,BF000151533
BF,note,text,,3384,7 %,3384,1925,Geordnet nach der Autorensystematik der Zeitungsausschnittsammlung des Deutschen Literaturarchivs Marbach. Innerhalb der einzelnen Mappen chronologisch geordnet
BF,noteOther_mv,texts,,2308,5 %,2308,1815,---- Photographien ----
BF,order_extent_mv,strings,,4473,9 %,5412,392,['1']
BF,order_status_mv,strings,,25896,53 %,27344,11,['chronologisch geordnet']
BF,order_unit_mv,strings,,4460,9 %,5400,17,['Kästen']
BF,parent_display_mv,texts,aus BF display,10457,21 %,10457,1419,SUA:Suhrkamp/01 Verlagsleitung/Autorenkonvolute - [Standortkonvolut]
BF,parent_id_mv,strings,,10457,21 %,10457,1419,BF00036186
BF,personAbout_display_mv,texts,aus PE display,1678,3 %,1720,1555,"['Schmidt, Arno (1914–1979)']"
BF,personAbout_id_mv,strings,,1678,3 %,1720,1555,['PE00000934']
BF,personAbout_role_mv,strings,,14,0 %,14,2,[Behandelte Person]
BF,personAt_display_mv,texts,aus PE display,41524,85 %,42216,26209,"['Grimm, Hans (1875–1959)']"
BF,personAt_id_mv,strings,,41524,85 %,42216,26211,['PE00017920']
BF,reference_text_mv,texts,,950,2 %,950,719,Jb. XXXIII 465
BF,schemaVersion,string,,48800,100 %,48800,1,0.12.0
BF,searchCollectionCreator_display_mv,texts,Personen/Körperschaften mit Relation „Über“,45608,93 %,47632,28214,"['Suhrkamp-Verlag <Frankfurt, Main> (1950)']"
BF,searchCollectionCreator_id_mv,strings,Personen/Körperschaften mit Relation „Über“,45608,93 %,47632,28218,['KS00001261']
BF,searchEntity_id_mv,strings,IDs der Normdaten-Verweise,45608,93 %,49386,28919,['PE00017920']
BF,source,string,,48800,100 %,48800,1,BF
BF,statusLoan,string,,48800,100 %,48800,8,Am Standort
BF,subject_display_mv,texts,aus TH display,1738,4 %,1898,1304,['Deutschland <DDR>']
BF,subject_id_mv,strings,,1738,4 %,1898,1304,['TH00017641']
BF,subject_useTerm_mv,texts,aus TH useTerm_display_mv,???,???,???,???,???
BF,subject_usedFor_mv,texts,aus TH usedFor_display_mv,1452,3 %,9853,4134,"['Deutsche Demokratische Republik', 'DDR', 'Deutschland <1949-1990, DDR>', 'German Democratic Republic', 'GDR', 'République Démocratique Allemande', 'RDA', 'Germanskaja Demokratičeskaja Respublika', 'Demokratičeskaja Respublika <Deutschland, DDR>', 'Democratic Republic <Deutschland, DDR>', 'Demokratische Republik <Deutschland, DDR>', 'Niemiecka Republika Demokratyczna', 'NRD', 'Gumhuriyat Almaniya ad-Dimuqratiya', 'República Democrática Alemana', 'Saksan Demokraattisen Tasavallan', 'Repubblica D (...)"
BF,title,text,,48800,100 %,48800,48784,"H:Fritz, Walter Helmut"
BF,titleShort,text,,48598,100 %,48598,37519,Kopien
BF,url,string,,48800,100 %,48800,48800,https://www.dla-marbach.de/find/opac/id/BF00007892
BF,usageRestriction,text,,48800,100 %,48800,3,benutzbar
BF,usageRestrictionComment,text,,390,1 %,390,129,Nur Digitalisat oder Mikroform benutzbar
BF,usageRestrictionNote,text,Benutzungshinweis,48800,100 %,48800,4,bedingt benutzbar\nDie Benutzung ist nach vorheriger Terminabsprache bedingt möglich. Bitte wenden Sie sich nach der Bestellung an das Referat Mediendokumentation.\nE-Mail: mediendokumentation@dla-marbach.de
BF,website_description_mv,texts,,7,0 %,7,6,"Informationen zum Projekt ""Erschließung der Bibliothek Paul Celan: Katalogisierung und Bestandsrekonstruktion"" und Hinweise zur Recherche"
BF,website_url_mv,strings,,9,0 %,9,8,https://www.dla-marbach.de/bibliothek/spezialsammlungen/bestandsliste/bibliothek-paul-celan/
BI,accession_display,text,aus BE display,15953,52 %,15953,2461,Teilnachlass Arthur Schnitzler
BI,accession_id,string,,15953,52 %,15953,2472,BE00000555
BI,accessionNumber,string,aus BE accessionNumber,15953,52 %,15953,2471,HS.NZ85.0001
BI,category,text,,30636,100 %,30636,2,Einzelobjekt
BI,categoryMedium_mv,texts,,2725,9 %,5157,23,['Photographie']
BI,categorySub,text,,30636,100 %,30636,33,Photographie
BI,categorySubSub,text,,2525,8 %,2525,44,Fotomappe DLA
BI,collection_display_mv,texts,aus BF display,1228,4 %,1228,569,"J:Luchterhand, Hermann Verlag (Verlagsarchiv) - [Sammlung Bilder und Objekte, Archiv]"
BI,collection_id_mv,strings,,1228,4 %,1228,570,BF00026446
BI,confidential,boolean,,30636,100 %,30636,1,False
BI,corporationAbout_comment_mv,texts,,65,0 %,79,10,['Werbung']
BI,corporationAbout_display_mv,texts,aus KS display,1234,4 %,1305,343,"['Schiller-Nationalmuseum und Deutsches Literaturarchiv <Marbach, Neckar> (1955–2005)']"
BI,corporationAbout_id_mv,strings,,1234,4 %,1305,343,['KS00000246']
BI,corporationAbout_role_mv,strings,,1234,4 %,1305,3,['Veranstaltung']
BI,corporationAt_display_mv,texts,aus KS display,1826,6 %,1867,85,"['S.-Fischer-Verlag <Frankfurt, Main> (1950)']"
BI,corporationAt_id_mv,strings,,1826,6 %,1867,86,['KS00011786']
BI,corporationBy_comment_mv,texts,,1242,4 %,1313,36,['Fotostudio']
BI,corporationBy_display_mv,texts,aus KS display,2701,9 %,2937,1271,['Atelier Elvira (1887–1928)']
BI,corporationBy_id_mv,strings,,2701,9 %,2937,1272,['KS00031607']
BI,corporationTo_display_mv,texts,aus KS display,21,0 %,21,11,"Schiller-Nationalmuseum und Deutsches Literaturarchiv <Marbach, Neckar> (1955–2005)"
BI,corporationTo_id_mv,strings,,21,0 %,21,11,KS00000246
BI,dateCataloged,daterange,,30636,100 %,30636,3579,2020-10-15
BI,dateModified,daterange,,30636,100 %,30636,2545,2003-09-13
BI,dateNote_mv,texts,,1303,4 %,1562,378,['Vergrößerung']
BI,dateOrigin,text,,25522,83 %,25522,2132,1999-1999
BI,dateOriginComment_mv,texts,,25521,83 %,25521,6487,1891 oder früher
BI,dateOther_mv,texts,,657,2 %,657,222,1997-1997
BI,dateOtherComment_mv,texts,,670,2 %,670,269,1997
BI,digitalObject_accessLevel_mv,strings,aus MM accessLevel,438,1 %,542,4,['public']
BI,digitalObject_display_mv,texts,aus MM display,22807,74 %,30756,30194,['Inhaltsverzeichnis']
BI,digitalObject_fileExtension_mv,strings,aus MM fileExtension,434,1 %,538,1,['pdf']
BI,digitalObject_hyperlink_mv,strings,aus MM hyperlink,436,1 %,540,540,"['https://digital.dla-marbach.de/files/dbst02/public/2016/20160401/20160401-0002.pdf?media_access=public', 'https://digital.dla-marbach.de/files/dbst02/public/2016/20160401/20160401-0003.pdf?media_access=public']"
BI,digitalObject_id_mv,strings,,22807,74 %,30756,30332,['MM00039807']
BI,digitalObject_license_mv,strings,aus MM license,???,???,???,???,???
BI,digitalObject_licenseNote_mv,texts,aus MM license,???,???,???,???,???
BI,digitalObject_thumbnail_mv,strings,aus MM thumbnail,2,0 %,2,2,"https://digital.dla-marbach.de/viewer/api/v1/records/BI00014969/files/images/IMG_2579.jpg/full/!480,480/0/default.jpg"
BI,dimension_comment_mv,texts,,7955,26 %,16374,4275,"['Bild', 'Papier']"
BI,dimension_depth_mv,strings,,1159,4 %,1600,261,['  1.0']
BI,dimension_diameter_mv,strings,,84,0 %,102,32,['␣']
BI,dimension_height_mv,strings,,24889,81 %,33438,744,['  8.0']
BI,dimension_width_mv,strings,,24770,81 %,33306,705,['  8.0']
BI,display,text,Hauptbezeichnung,30636,100 %,30636,18152,Porträt Hermann Hesse [Photographie]
BI,displayAddition1,text,Dritte Zeile der Trefferliste,25521,83 %,25521,6487,1891 oder früher
BI,displayAddition2,text,Vierte Zeile der Trefferliste,30634,100 %,30634,29068,Inventarnummer: CO.Altbestand (darin)
BI,displayName,text,Zweite Zeile der Trefferliste gebildet aus Personen und Körperschaften,25448,83 %,25448,6560,Unbekannt
BI,exportDC,string,Datensatz im DC-Format,30636,100 %,30636,30636,"<oai_dc:dc xmlns:oai_dc=""http://www.openarchives.org/OAI/2.0/oai_dc/"" xmlns:dc=""http://purl.org/dc/elements/1.1/"" xmlns:xsi=""http://www.w3.org/2001/XMLSchema-instance"" xsi:schemaLocation=""http://www.openarchives.org/OAI/2.0/oai_dc/ http://www.openarchives.org/OAI/2.0/oai_dc.xsd"">\n  <dc:title>Porträt Agathe Lehmann [Photographie]</dc:title>\n  <dc:creator>Lewetz, Emil</dc:creator>\n  <dc:creator>Lehmann, Wilhelm (1882–1968)</dc:creator>\n  <dc:type>Fotografie</dc:type>\n  <dc:format>  9.2 x   5. (...)"
BI,exportMODS,string,Datensatz im MODS-Format,30636,100 %,30636,30636,"<mods xmlns:xlink=""http://www.w3.org/1999/xlink"" xmlns:xsi=""http://www.w3.org/2001/XMLSchema-instance"" xmlns=""http://www.loc.gov/mods/v3"" version=""3.8"" xsi:schemaLocation=""http://www.loc.gov/mods/v3 http://www.loc.gov/standards/mods/v3/mods-3-8.xsd"">\n  <titleInfo>\n    <title>Erich Schairer / Porträts / Erich Schairer allein [Fotomappe DLA]</title>\n  </titleInfo>\n  <name type=""personal"">\n    <namePart>Verschiedene</namePart>\n    <role>\n      <roleTerm type=""text"">Urheber/in</roleTerm>\n    (...)"
BI,exportRIS,string,Datensatz im RIS-Format,30636,100 %,30636,30636,"TY  - GEN\nA2  - Strauß, Botho\nAN  - HS.2014.0001\nCN  - BI000253678\nDB  - J:Strauß, Botho\nID  - BI00025367\nM1  - B 2014.H 1\nM3  - Fotokonvolut\nM3  - Fotografie\nN1  - Umfang: 1 Kasten\nN1  - Technik: Das Fotokonvolut enthält überwiegend Fotografien sowie wenige Diapositive.. Unter den Fotografien finden sich:. - wenige Porträts Botho Strauß allein (wenige aus den 1960er und 70er Jahren, überwiegend etwa 1980er Jahre). - wenige Porträts Botho Strauß mit Familienmitgliedern sowie mit Freund (...)"
BI,extent,text,,2539,8 %,2539,395,1 Mappe
BI,filterAuthority_mv,strings,Facette Personen und Körperschaften,30319,99 %,84731,17029,"['Unbekannt', 'Pinthus, Kurt (1886–1975)']"
BI,filterAuthorityRelation_mv,strings,Facette Personen und Körperschaften mit Relationen,30319,99 %,95790,19639,"['Unbekannt␝Von', 'Pinthus, Kurt (1886–1975)␝Über', 'Pinthus, Kurt (1886–1975)␝Unter']"
BI,filterAuthorityRole_mv,strings,Facette Personen und Körperschaften mit Funktionsbezeichnungen,30319,99 %,97619,23434,"['Rilke, Rainer Maria (1875–1926)␝Verfasser/Urheber']"
BI,filterCollection_mv,strings,Facette Sammlung,15755,51 %,15755,566,"J:Kunz-Hutterstrasser, Hermine (Porträtsammlung)"
BI,filterDatePoint_mv,datepoints,Facette Zeit (Zeitpunkte),25577,83 %,36728,292,['1999-01-01T00:00:00Z']
BI,filterDateRange_mv,dateranges,Facette Zeit (Zeiträume),25577,83 %,26135,2170,['1999']
BI,filterDigital,boolean,Filter Digital,2,0 %,2,1,True
BI,filterFormContent_mv,strings,Facette Form und Inhalt,30566,100 %,35672,74,['Fotografie']
BI,filterLocation_mv,strings,Facette Ort,2106,7 %,2992,1153,"['New York, NY']"
BI,filterLocationType_mv,strings,Facette Ort mit Typ,2106,7 %,2992,1153,"['New York, NY␝Darstellungsort']"
BI,filterMedium_mv,strings,Facette Sammlung,96,0 %,96,1,Sonstiger Datenträger
BI,filterMultipart,boolean,Filter Mehrteilig (nur Konvolute),2829,9 %,2829,1,True
BI,filterRecent,daterange,Facette Neu im Katalog,30636,100 %,30636,3579,2020-10-15
BI,filterSource,string,Facette Datenbestand,30636,100 %,30636,1,Bilder und Objekte
BI,filterSubject_mv,strings,Facette Thema,27596,90 %,49371,13902,"['Hesse, Hermann (1877–1962)']"
BI,filterType,string,Facette Medientyp,30636,100 %,30636,1,Bilder und Objekte
BI,id,string,,30636,100 %,30636,30636,BI00004344
BI,inscription,text,,18419,60 %,18419,12814,Rückseite mit Stempel und Beschriftung des Photographen
BI,inventoryNumber,text,,30634,100 %,30634,29068,CO.Altbestand (darin)
BI,item_display_mv,texts,aus AU display,41,0 %,41,21,ohne Titel
BI,item_id_mv,strings,,41,0 %,41,26,AU00378808
BI,item_manifestation_display_mv,texts,aus AK display,41,0 %,41,26,"Deutsches Dichterbuch aus Schwaben : mit epischen, lyrischen und dramatischen Beiträgen : [Textsammlung (Anthologie u.a.m.)]"
BI,item_manifestation_id_mv,strings,,41,0 %,41,26,AK00972472
BI,library_display_mv,texts,aus AK display,109,0 %,109,99,Rainer Kirsch - 70 : RK ; [diese Mappe ist eine Gabe für den Dichter Rainer Kirsch zu dessen 70. Geburtstag] : [Pressendruck]
BI,library_id_mv,strings,,109,0 %,109,99,AK01605780
BI,location_mv,texts,,29719,97 %,29719,73,Photokonvolute
BI,locationComment,text,,8146,27 %,8146,2174,"(Kunz-Hutterstrasser, Hermine)"
BI,manuscript_display_mv,texts,aus HS display,592,2 %,592,447,"Rilke, Rainer Maria an Rilke, Clara [Briefe]"
BI,manuscript_id_mv,strings,,592,2 %,592,500,HS00690920
BI,material,text,,14566,48 %,14566,6380,Auf Karton montiert
BI,mediaNumber,string,,30636,100 %,30636,30636,BI000090240
BI,note,text,,8999,29 %,8999,6514,Fotoserie.
BI,noteBibliography_mv,texts,,13988,46 %,13988,2146,Nachlass Kurt Pinthus
BI,noteClassification,text,,10064,33 %,10064,7366,Aufnahme in Berlin.
BI,noteDimension,text,,3503,11 %,3503,2033,Photos: Mathias Michaelis
BI,noteObjectType,text,,260,1 %,260,14,Postkarte
BI,parent_display_mv,texts,aus BI display,16499,54 %,16499,1756,Porträtsammlung Hermine Kunz-Hutterstrasser [Sammlung]
BI,parent_id_mv,strings,,16499,54 %,16499,1779,BI00006996
BI,personAbout_comment_mv,texts,,3860,13 %,10190,1311,"['li.', 're.']"
BI,personAbout_display_mv,texts,aus PE display,26277,86 %,42683,10906,"['Hesse, Hermann (1877–1962)']"
BI,personAbout_id_mv,strings,,26277,86 %,42683,10909,['PE00002037']
BI,personAbout_role_mv,strings,,26277,86 %,42683,10,['Dargestellte Person allein']
BI,personAt_display_mv,texts,aus PE display,17993,59 %,19321,1229,"['Kunz-Hutterstrasser, Hermine (1873–1948)']"
BI,personAt_id_mv,strings,,17993,59 %,19321,1230,['PE00324458']
BI,personBy_comment_mv,texts,,3107,10 %,5296,93,"['␣', 'Fotografie']"
BI,personBy_display_mv,texts,aus PE display,23349,76 %,28458,5306,['Unbekannt']
BI,personBy_id_mv,strings,,23349,76 %,28458,5313,['PE00250583']
BI,personBy_role_mv,strings,,23349,76 %,28458,3,['Urheber/in']
BI,personTo_display_mv,texts,aus PE display,1076,4 %,1131,491,['Unbekannt']
BI,personTo_id_mv,strings,,1076,4 %,1131,491,['PE00250583']
BI,photoNegativeNumber_mv,strings,,22397,73 %,30494,29850,['M3109-0']
BI,reference_text_mv,texts,,3320,11 %,3320,2670,"Nicolin, Günther: Kunst zu Kafka. Bonn: bücherstube am theater 1974. S. 29."
BI,schemaVersion,string,,30636,100 %,30636,1,0.12.0
BI,searchCollectionCreator_display_mv,texts,Personen/Körperschaften mit Relation „Über“ aus verknüpften Bestandsdatensätzen (BF),15755,51 %,17669,590,"['Kunz-Hutterstrasser, Hermine (1873–1948)']"
BI,searchCollectionCreator_id_mv,strings,Personen/Körperschaften mit Relation „Über“ aus verknüpften Bestandsdatensätzen (BF),15755,51 %,17669,590,['PE00324458']
BI,searchEntity_id_mv,strings,IDs der Normdaten-Verweise,30320,99 %,85892,17876,"['PE00030955', 'PE00250583']"
BI,source,string,,30636,100 %,30636,1,BI
BI,statusEditing,string,,9692,32 %,9692,3,Retrokonversion
BI,statusLoan,string,,30636,100 %,30636,5,Am Standort
BI,statusPreservation,string,,10155,33 %,10155,7999,Mit leichtem Silberspiegel
BI,subject_display_mv,texts,aus TH display,2602,8 %,3041,678,['Schreibtisch']
BI,subject_id_mv,strings,,2602,8 %,3041,678,['TH00030642']
BI,subject_type_mv,strings,,2600,8 %,3039,4,['Ikonographisches Detail']
BI,subject_useTerm_mv,texts,aus TH useTerm_display_mv,10,0 %,10,2,Geldbörse
BI,subject_usedFor_mv,texts,aus TH usedFor_display_mv,1593,5 %,4852,860,"['Buchwesen', 'Bücher']"
BI,subjectLocation_comment_mv,texts,,28,0 %,31,12,['vermutlich']
BI,subjectLocation_display_mv,texts,aus TH display,2106,7 %,2992,1153,"['New York, NY']"
BI,subjectLocation_id_mv,strings,,2106,7 %,2992,1156,['TH00001309']
BI,subjectLocation_type_mv,strings,,2104,7 %,2987,4,['Ort des Geschehens']
BI,title,text,,30636,100 %,30636,17293,Porträt Hermann Hesse
BI,titleOriginal,text,,374,1 %,374,367,Max Slevogt | Goethes Faust | Zweiter Teil
BI,url,string,,30636,100 %,30636,30636,https://www.dla-marbach.de/find/opac/id/BI00030087
BI,usageRestriction,text,,30636,100 %,30636,4,eingeschränkt benutzbar
BI,usageRestrictionNote,text,Benutzungshinweis,30634,100 %,30634,3,bedingt benutzbar\nDie Benutzung ist nach vorheriger Terminabsprache bedingt möglich. Bitte wenden Sie sich nach der Bestellung an das Referat Bilder und Objekte.\nE-Mail: bilder-und-objekte@dla-marbach.de
BI,work_display_mv,texts,aus AK display,961,3 %,1161,831,"['Lessing, Gotthold Ephraim (1729-1781). Nathan der Weise (Drama : 1779)']"
BI,work_id_mv,strings,,961,3 %,1161,831,['AK00000425']
HS,accession_display,text,aus BE display,653860,57 %,653860,3034,Verlagsarchiv Suhrkamp
HS,accession_id,string,,653860,57 %,653860,3049,BE00005721
HS,accessionNumber,string,,994474,87 %,994474,405789,SU.2010.0002
HS,acronym_mv,strings,,22943,2 %,26424,13285,['1/93']
HS,category,text,,1146214,100 %,1146214,9,Briefe an
HS,categorySub,text,,1143191,100 %,1143191,8,Handschrift
HS,collection_display_mv,texts,aus BF display,1138060,99 %,1138060,12143,"COTTA:Briefe - [Bestand des Cotta-Archivs, Archiv]"
HS,collection_id_mv,strings,,1138060,99 %,1138060,12143,BF00025111
HS,confidential,boolean,,1146214,100 %,1146214,1,False
HS,content,text,,33208,3 %,33208,26893,Zum Tod Reinhard Pipers
HS,corporationAbout_comment_mv,texts,,14,0 %,29,2,['[mutmaßlich]']
HS,corporationAbout_display_mv,texts,aus KS display,10580,1 %,12561,3239,"[""J.-G.-Cotta'sche Buchhandlung <Stuttgart> (1810–1889)""]"
HS,corporationAbout_id_mv,strings,,10580,1 %,12561,3240,['KS00011400']
HS,corporationAbout_role_mv,strings,,10576,1 %,12557,5,['[Dokumentierte Körperschaft]']
HS,corporationBy_comment_mv,texts,,235,0 %,386,4,['[mutmaßlich]']
HS,corporationBy_display_mv,texts,aus KS display,348562,30 %,437544,48367,"[""J.-G.-Cotta'sche Buchhandlung <Stuttgart> (1810–1889)""]"
HS,corporationBy_id_mv,strings,,348562,30 %,437544,48414,['KS00011400']
HS,corporationBy_role_mv,strings,,348530,30 %,437512,20,['[Verfasser]']
HS,corporationTo_comment_mv,texts,,442,0 %,553,4,['[mutmaßlich]']
HS,corporationTo_display_mv,texts,aus KS display,261519,23 %,343919,34268,"['Suhrkamp-Verlag <Frankfurt, Main> (1950)']"
HS,corporationTo_id_mv,strings,,261519,23 %,343919,34302,['KS00001261']
HS,corporationTo_role_mv,strings,,148403,13 %,170416,5,['[Adressat]']
HS,dateCataloged,daterange,,1146214,100 %,1146214,6805,2007-10-20
HS,dateModified,daterange,,1146214,100 %,1146214,7043,2007-12-07
HS,dateOriginEnd,daterange,,209371,18 %,209371,22392,1965
HS,dateOriginStart,daterange,,906151,79 %,906151,75530,1960
HS,dateOther_mv,texts,,47186,4 %,47784,7753,['und o.D.']
HS,digitalObject_accessLevel_mv,strings,aus MM accessLevel,1877,0 %,1935,7,['campus']
HS,digitalObject_display_mv,texts,aus MM display,2534,0 %,2894,2875,['D20060227-113']
HS,digitalObject_fileExtension_mv,strings,aus MM fileExtension,6,0 %,12,2,['pdf']
HS,digitalObject_hyperlink_mv,strings,aus MM hyperlink,1876,0 %,1932,1882,['https://digital.dla-marbach.de/viewer/fullscreen/HS01317759/?media_access=campus&media_license=CC0']
HS,digitalObject_id_mv,strings,,2534,0 %,2894,2876,['MM00038183']
HS,digitalObject_license_mv,strings,aus MM license,1693,0 %,1716,3,['CC0']
HS,digitalObject_licenseNote_mv,texts,aus MM license,1,0 %,1,1,"CC-BY-NC-ND Handke, Peter"
HS,digitalObject_thumbnail_mv,strings,aus MM thumbnail,1869,0 %,1919,1869,"['https://digital.dla-marbach.de/viewer/api/v1/records/HS01317759/files/images/HS01317759_0001.tif/full/!480,480/0/default.jpg']"
HS,display,text,Hauptbezeichnung,1146214,100 %,1146214,867395,"Rilke, Rainer Maria an Rilke, Phia [Briefe]"
HS,displayAddition1,text,Dritte Zeile der Trefferliste,906154,79 %,906154,110535,1961
HS,displayAddition2,text,Vierte Zeile der Trefferliste,1138060,99 %,1138060,12143,"COTTA:Briefe - [Bestand des Cotta-Archivs, Archiv]"
HS,displayName,text,Zweite Zeile der Trefferliste gebildet aus Personen und Körperschaften,1146210,100 %,1146210,741921,"Koselleck, Reinhart (1923–2006) [Verfasser/in]"
HS,exportDC,string,Datensatz im DC-Format,1146214,100 %,1146214,1146214,"<oai_dc:dc xmlns:oai_dc=""http://www.openarchives.org/OAI/2.0/oai_dc/"" xmlns:dc=""http://purl.org/dc/elements/1.1/"" xmlns:xsi=""http://www.w3.org/2001/XMLSchema-instance"" xsi:schemaLocation=""http://www.openarchives.org/OAI/2.0/oai_dc/ http://www.openarchives.org/OAI/2.0/oai_dc.xsd"">\n  <dc:title>Andres, Stefan an Minerva-Film</dc:title>\n  <dc:creator>Andres, Stefan (1906–1970)</dc:creator>\n  <dc:contributor>Minerva-Film</dc:contributor>\n  <dc:type>Brief</dc:type>\n  <dc:type>Handschrift</dc:type (...)"
HS,exportMODS,string,Datensatz im MODS-Format,1146214,100 %,1146214,1146214,"<mods xmlns:xlink=""http://www.w3.org/1999/xlink"" xmlns:xsi=""http://www.w3.org/2001/XMLSchema-instance"" xmlns=""http://www.loc.gov/mods/v3"" version=""3.8"" xsi:schemaLocation=""http://www.loc.gov/mods/v3 http://www.loc.gov/standards/mods/v3/mods-3-8.xsd"">\n  <titleInfo>\n    <title>Kneussberg, Käthe an Jaspers, Karl</title>\n  </titleInfo>\n  <name type=""personal"">\n    <namePart>Kneussberg, Käthe</namePart>\n    <role>\n      <roleTerm type=""text"">[Verfasser/in]</roleTerm>\n    </role>\n  </name>\n  (...)"
HS,exportRIS,string,Datensatz im RIS-Format,1146214,100 %,1146214,1146214,"TY  - GEN\nA2  - Wieszner, Georg Gustav\nAN  - 91.70.57,1-6\nAU  - Schmitt, Fritz\nAU  - Verlag Hans Carl\nCN  - HS008905530\nDA  - 1956\nDA  - 1960\nDB  - A:Unruh, Fritz von\nID  - HS00890553\nLA  - Deutsch\nM3  - Brief\nN1  - Entstehungsort: Nürnberg\nN1  - Umfang: 6 Br.  9 Bl.\nST  - Schmitt, Fritz an Wieszner, Georg Gustav\nTI  - Schmitt, Fritz an Wieszner, Georg Gustav [Briefe]\nUR  - https://www.dla-marbach.de/find/opac/id/HS00890553/\nER  -"
HS,extent,text,,944469,82 %,944469,119274,1 Bl.
HS,filterAuthority_mv,strings,Facette Personen und Körperschaften,1146211,100 %,2654173,380482,"['Koselleck, Reinhart (1923–2006)']"
HS,filterAuthorityRelation_mv,strings,Facette Personen und Körperschaften mit Relationen,1146211,100 %,3064141,584879,"['Koselleck, Reinhart (1923–2006)␝Von']"
HS,filterAuthorityRole_mv,strings,Facette Personen und Körperschaften mit Funktionsbezeichnungen,1146211,100 %,3066124,668942,"['Koselleck, Reinhart (1923–2006)␝Verfasser/Urheber']"
HS,filterCollection_mv,strings,Facette Sammlung,1138060,99 %,1138060,12143,COTTA:Briefe
HS,filterDatePoint_mv,datepoints,Facette Zeit (Zeitpunkte),906154,79 %,1115519,74428,['1961-01-01T00:00:00Z']
HS,filterDateRange_mv,dateranges,Facette Zeit (Zeiträume),906154,79 %,906154,110529,1961
HS,filterDigital,boolean,Filter Digital,2009,0 %,2009,1,True
HS,filterFormContent_mv,strings,Facette Form und Inhalt,1146150,100 %,1253688,78,['Brief']
HS,filterLanguage_mv,strings,Facette Sprache,1143199,100 %,1155150,68,['Deutsch']
HS,filterLanguageType_mv,strings,Facette Sprache mit Typ,1143199,100 %,1155150,68,['Deutsch␝Original']
HS,filterLocation_mv,strings,Facette Ort,696988,61 %,803813,29024,['Stuttgart']
HS,filterLocationType_mv,strings,Facette Ort mit Typ,696988,61 %,803828,29213,['Stuttgart␝Entstehungsort']
HS,filterMedium_mv,strings,Facette Sammlung,2997,0 %,2997,4,Noten
HS,filterRecent,daterange,Facette Neu im Katalog,1146214,100 %,1146214,6805,2007-10-20
HS,filterSource,string,Facette Datenbestand,1146214,100 %,1146214,1,Handschriften Einzelnachweise
HS,filterSubject_mv,strings,Facette Thema,120495,11 %,207788,52716,"['Brecht, Bertolt (1898–1956)']"
HS,filterType,string,Facette Medientyp,1146214,100 %,1146214,1,Handschriften
HS,genre,text,,1146149,100 %,1146149,17,Briefe
HS,genreOther_mv,texts,,32255,3 %,41393,14,['Verschiedenes']
HS,genreSub,text,,60161,5 %,60161,85,Widmungen
HS,genreSubOther_mv,texts,,14856,1 %,15341,29,['Verlagsnotizen']
HS,id,string,,1146214,100 %,1146214,1146214,HS00833325
HS,item_display_mv,texts,aus AU display,16617,1 %,16617,13578,Mit hs. Widmung an Wilhelm Lehmann
HS,item_id_mv,strings,,16617,1 %,16617,16127,AU01030404
HS,item_manifestation_display_mv,texts,aus AK display,16615,1 %,16615,15236,Gedichte
HS,item_manifestation_id_mv,strings,,16615,1 %,16615,15406,AK00697902
HS,language_mv,texts,,1143199,100 %,1155164,68,['Deutsch']
HS,location_mv,texts,,116018,10 %,116198,27311,['Bibliothek']
HS,locationBoxNumber,string,,5426,0 %,5426,313,22
HS,locationFolderNumber,string,,44056,4 %,44056,8943,2
HS,mediaNumber,string,,1146214,100 %,1146214,1146214,HS008075830
HS,microform_mv,texts,,60483,5 %,60602,8602,['5+']
HS,nameOriginal_mv,texts,,2024,0 %,2024,1374,Ingrid Greenburger
HS,note,text,,122059,11 %,122059,42393,Honoraranweisung
HS,object_display,text,aus BI display,522,0 %,522,459,Illustration zu einem Brief von Rainer Maria Rilke [Zeichnung]
HS,object_id,string,,522,0 %,522,510,BI00005703
HS,parent_display_mv,texts,aus HS display,143771,13 %,143771,62688,"Rilke, Rainer Maria: ""Skizzenbuch"" [Gedichte]"
HS,parent_id_mv,strings,,143771,13 %,143771,75355,HS00581086
HS,parent_type_mv,strings,,143721,13 %,143721,8,Bei
HS,personAbout_comment_mv,texts,,263,0 %,1563,2,['[mutmaßlich]']
HS,personAbout_display_mv,texts,aus PE display,102611,9 %,136340,30463,"['Brecht, Bertolt (1898–1956)']"
HS,personAbout_id_mv,strings,,102611,9 %,136340,30474,['PE00001131']
HS,personAbout_role_mv,strings,,102535,9 %,136264,7,['[Behandelte Person]']
HS,personBy_comment_mv,texts,,9559,1 %,17247,9,['[mutmaßlich]']
HS,personBy_display_mv,texts,aus PE display,967839,84 %,1164281,290286,"['Rilke, Rainer Maria (1875–1926)']"
HS,personBy_id_mv,strings,,967839,84 %,1164281,292460,['PE00001397']
HS,personBy_role_mv,strings,,967792,84 %,1164234,24,['[Verfasser/in]']
HS,personTo_comment_mv,texts,,3887,0 %,4818,6,['[mutmaßlich]']
HS,personTo_display_mv,texts,aus PE display,825103,72 %,973626,178272,"['Jünger, Ernst (1895–1998)']"
HS,personTo_id_mv,strings,,825103,72 %,973626,179473,['PE00001233']
HS,personTo_role_mv,strings,,714799,62 %,740332,6,['[Adressat/in]']
HS,photoNegativeNumber_mv,strings,,1027,0 %,1340,1307,['Mikroform benutzen']
HS,place_mv,texts,,763999,67 %,913934,28921,['Stuttgart']
HS,schemaVersion,string,,1146214,100 %,1146214,1,0.12.0
HS,searchCollectionCreator_display_mv,texts,Personen/Körperschaften mit Relation „Über“ aus verknüpften Bestandsdatensätzen (BF),1138058,99 %,1343015,5851,"['Suhrkamp-Verlag <Frankfurt, Main> (1950)']"
HS,searchCollectionCreator_id_mv,strings,Personen/Körperschaften mit Relation „Über“ aus verknüpften Bestandsdatensätzen (BF),1138058,99 %,1343015,5852,['KS00001261']
HS,searchEntity_id_mv,strings,IDs der Normdaten-Verweise,1146211,100 %,2705794,400593,['PE00000144']
HS,sortingKey,string,,1146210,100 %,1146210,246668,"SUHRKAMPVERLAG FRANKFURT, MAIN"
HS,sortingKeySub,string,,917229,80 %,917229,179895,"JUENGER, ERNST"
HS,sortingTitleMain,string,,235102,21 %,235102,180458,GEDICHTE
HS,sortingTitleOther,string,,38796,3 %,38796,33010,LYRIDEN
HS,source,string,,1146214,100 %,1146214,1,HS
HS,statusLoan,string,,1146205,100 %,1146205,9,Am Standort
HS,subject_display_mv,texts,aus TH display,8218,1 %,9172,1630,['Vertrag']
HS,subject_id_mv,strings,,8218,1 %,9172,1630,['TH00022081']
HS,subject_useTerm_mv,texts,aus TH useTerm_display_mv,4,0 %,4,1,Warstade
HS,subject_usedFor_mv,texts,aus TH usedFor_display_mv,6634,1 %,27266,3965,"['Abkommen <Vertrag>', 'Kontrakt', 'Vertragsgestaltung', 'Verträge']"
HS,subjectOther_mv,texts,,14822,1 %,14822,7482,Vertrag
HS,title,text,,1146214,100 %,1146214,867395,"Rilke, Rainer Maria an Rilke, Phia"
HS,titleMain_category,text,,45096,4 %,45096,4,Konvolut
HS,titleMain_comment,text,,43354,4 %,43354,21169,Entwurf
HS,titleMain_text,text,,235121,21 %,235121,179878,Gedichte
HS,titleMain_type,string,,191988,17 %,191988,18,Titel von Bearbeiter/in
HS,titleOther_category_mv,texts,,5235,0 %,7537,8,['Konvolut']
HS,titleOther_comment_mv,texts,,4342,0 %,6224,1788,['Originaltitel']
HS,titleOther_text_mv,texts,,38444,3 %,48317,39843,['Lyriden']
HS,titleOther_type_mv,strings,,34941,3 %,44605,12,['Manuskripttitel']
HS,url,string,,1146214,100 %,1146214,1146214,https://www.dla-marbach.de/find/opac/id/HS01137351
HS,usageRestriction,text,,1146195,100 %,1146195,3,benutzbar
HS,usageRestrictionComment,text,,16164,1 %,16164,142,Nur Digitalisat oder Mikroform benutzbar
HS,usageRestrictionNote,text,Benutzungshinweis,808934,71 %,808934,8,Nur mit Einverständnis der beteiligten Personen ausleihbar!\nFür nähere Angaben wenden Sie sich bitte an die Auskunft des Deutschen Literaturarchivs Marbach:\nTelefon: +49 7144 848 425\nE-Mail: auskunft-handschriften@dla-marbach.de
HS,website_description_mv,texts,,1306,0 %,1310,22,['RISM']
HS,website_url_mv,strings,,1307,0 %,1311,1300,['http://www.germ.uni-tuebingen.de/abteilungen/neuere-deutsche-literatur/tuebinger-poetik-dozentur.html']
HS,work_display_mv,texts,aus AK display,41805,4 %,51516,17419,"['Piper, Reinhard (1879-1953). Vormittag (Autobiografie)']"
HS,work_id_mv,strings,,41805,4 %,51516,17431,['AK00166189']
KS,categoryEntity_mv,texts,,37384,29 %,37484,27,['Sonstige Körperschaft']
KS,categoryIndex_mv,texts,,130286,100 %,130301,4,['Körperschaft']
KS,classificationNewspaper_comment_mv,texts,,1536,1 %,1544,64,['Verlage']
KS,classificationNewspaper_text_mv,texts,,1542,1 %,1550,65,['2f2']
KS,classificationOther_comment_mv,texts,,3836,3 %,4247,116,"['Buchhandel, Verlagswesen / Einzelne Verlage und Buchhandlungen (A-E)']"
KS,classificationOther_text_mv,texts,,3864,3 %,4275,136,['S2.6.3.1']
KS,confidential,boolean,,130286,100 %,130286,1,False
KS,country_mv,texts,,76484,59 %,82922,214,['Deutschland']
KS,dateActivityEnd,daterange,,222,0 %,222,122,1945
KS,dateActivityStart,daterange,,537,0 %,537,197,1878
KS,dateCataloged,daterange,,130193,100 %,130193,7731,1997-06-11
KS,dateLifespanEnd,daterange,,6618,5 %,6618,2318,1945
KS,dateLifespanStart,daterange,,15055,12 %,15055,3758,2012
KS,dateModified,daterange,,130286,100 %,130286,1,2026-02-19
KS,display,text,Hauptbezeichnung,130286,100 %,130286,125780,Müller
KS,displayAddition1,text,Dritte Zeile der Trefferliste,63369,49 %,63369,9316,Berlin
KS,displayAddition2,text,Vierte Zeile der Trefferliste,130286,100 %,130286,5,Körperschaft
KS,filterDatePoint_mv,datepoints,Facette Zeit (Zeitpunkte),16149,12 %,22389,5128,['2012-01-01T00:00:00Z']
KS,filterDateRange_mv,dateranges,Facette Zeit (Zeiträume),16149,12 %,16175,6984,['2012']
KS,filterLocation_mv,strings,Facette Ort,32441,25 %,34985,4331,['Berlin']
KS,filterLocationType_mv,strings,Facette Ort mit Typ,32441,25 %,34985,5042,['Berlin␝Sitz']
KS,filterSource,string,Facette Datenbestand,130286,100 %,130286,1,Körperschaften
KS,filterType,string,Facette Medientyp,130286,100 %,130286,1,Normdaten
KS,gnd_id_mv,strings,,58626,45 %,58628,58458,['5266528-8']
KS,gnd_type_mv,strings,,22595,17 %,22597,6,['GND-Nr.']
KS,host_display_mv,texts,aus KS display,113,0 %,142,119,"['Hessisches Staatstheater <Wiesbaden>', 'Staatstheater Mainz']"
KS,host_id_mv,strings,,113,0 %,142,119,"['KS00011776', 'KS00113908']"
KS,id,string,,130286,100 %,130286,130286,KS00007620
KS,linkCommonsImage_file_mv,strings,aus lobid-gnd depiction und Wikidata P18,4950,4 %,6513,6347,['Reichsadler%20Deutsches%20Reich%20%281935%E2%80%931945%29.svg']
KS,linkCommonsImage_rights_mv,strings,generiert aus Wikimedia Commons Artist/License,4950,4 %,6513,4445,['Wikimedia Commons | Public domain']
KS,linkFilmportal_mv,strings,aus lobid-gnd sameAs:filmportal und Wikidata P2639,13,0 %,14,13,['d3866fa5a63f4e5482ce72dc08e466ac']
KS,linkWikidata,string,aus lobid-gnd,8737,7 %,8737,8590,Q2415675
KS,linkWikidataWebsite_mv,strings,aus Wikidata P856,5857,4 %,6519,6414,['https://markk-hamburg.de/']
KS,linkWikipedia,string,aus lobid sameAs:dewiki,6973,5 %,6973,6939,Universit%C3%A4t_Erfurt
KS,nameAlternative_comment_mv,texts,,1380,1 %,9357,632,"['␣', '␣', 'nswd', '␣', '␣']"
KS,nameAlternative_name_mv,texts,,48548,37 %,126496,119436,['VHS']
KS,nameAlternative_suffix_mv,texts,,5089,4 %,22213,6253,['$gBerlin']
KS,nameAlternative_type_mv,strings,,9945,8 %,42878,30,['Bisherige Vorzugsbenennung']
KS,nameFormerOrLater_display_mv,texts,aus KS display,176,0 %,186,174,['PEN-Zentrum Deutschland']
KS,nameFormerOrLater_id_mv,strings,,176,0 %,186,174,['KS00025892']
KS,nameOriginal_mv,texts,,38523,30 %,92561,85316,['Stadtarchiv']
KS,nameTemporary_display_mv,texts,aus KS display,283,0 %,314,302,['Stadtarchiv und Stadtbibliothek <Braunschweig> (–1980)']
KS,nameTemporary_id_mv,strings,,283,0 %,314,302,['KS00013915']
KS,noteExplanatory_text_mv,texts,,15781,12 %,21505,12572,['gnd1']
KS,noteExplanatory_type_mv,strings,,9047,7 %,14405,11,"['Biografische, historische und andere Angaben']"
KS,parent_display_mv,texts,aus KS display,6699,5 %,6971,3173,['Deutsches Reich (1871–1945)']
KS,parent_id_mv,strings,,6699,5 %,6971,3181,['KS00001022']
KS,place_mv,texts,,63369,49 %,63369,8172,Berlin
KS,predecessor_display_mv,texts,aus KS display,5185,4 %,5552,5451,['Université <Paris>']
KS,predecessor_id_mv,strings,,5185,4 %,5552,5454,['KS00031156']
KS,reference_text_mv,texts,,20238,16 %,27105,6930,['GND']
KS,reference_type_mv,strings,,16910,13 %,23261,5,['positiv']
KS,relation_comment_mv,texts,,1118,1 %,6048,923,['gegründet durch']
KS,relation_id_mv,strings,,40575,31 %,157862,76054,['KS00017343']
KS,relation_text_mv,texts,,41044,32 %,158401,80283,['Berlin']
KS,relation_type_mv,strings,,41059,32 %,158416,48,"['Sitz, Ort']"
KS,schemaVersion,string,,130286,100 %,130286,1,0.12.0
KS,searchEntity_id_mv,strings,IDs der Normdaten-Verweise,130286,100 %,130286,130286,KS00007620
KS,searchEntityScore,pint,Anzahl der Verweise auf den Normdatensatz,130286,100 %,130286,588,2
KS,searchSuggestPayload,string,ID und Anzeigetitel für Suggester (Trennzeichen: ␝),130286,100 %,130286,130286,KS00047074␝Sutton
KS,searchSuggestTerm_mv,strings,Suchbegriffe für Suggester,130286,100 %,349343,290840,"['Stadtarchiv', 'Stadtarchiv']"
KS,seeAlso_display_mv,texts,aus KS display,89,0 %,119,90,['S. Fischer-Verlag']
KS,seeAlso_id_mv,strings,,89,0 %,119,90,['KS00131373']
KS,source,string,,130286,100 %,130286,1,KS
KS,statusCataloging,string,,11878,9 %,11878,6,Andere Ansetzung
KS,successor_display_mv,texts,aus KS display,4749,4 %,4893,4676,['Vereinte Dienstleistungsgewerkschaft (2001)']
KS,successor_id_mv,strings,,4749,4 %,4893,4680,['KS00048067']
KS,title,text,,130286,100 %,130286,125295,Müller
KS,titleSuffix,text,,4927,4 %,4927,826,Veranstaltung
KS,url,string,,130286,100 %,130286,130286,https://www.dla-marbach.de/find/opac/id/KS00128727
KS,website_description_mv,texts,,7764,6 %,8913,4876,['Homepage']
KS,website_url_mv,strings,,8325,6 %,9490,9226,['https://www.frauenrat.de/deutsch/verband/geschichte.html']
MM,accessLevel,string,,5399,4 %,5399,11,public
MM,category,text,,138387,100 %,138387,8,JPG
MM,dateCataloged,daterange,,138386,100 %,138386,5222,2011-04-15
MM,dateModified,daterange,,138387,100 %,138387,4047,2024-03-18
MM,display,text,Hauptbezeichnung,138387,100 %,138387,134098,Inhaltsverzeichnis Celan-Bibliothek
MM,fileExtension,string,Dateinamenserweiterung,1140,1 %,1140,30,pdf
MM,filePath,string,,138387,100 %,138387,138255,https://digital.dla-marbach.de/files/dbst02/public/2019/20190215/20190215-0001.pdf?media_access=public
MM,hyperlink,string,Link zum Objekt,5353,4 %,5353,5248,https://digital.dla-marbach.de/files/dbst02/public/2019/20190215/20190215-0001.pdf?media_access=public
MM,id,string,,138387,100 %,138387,138387,MM00035774
MM,license,string,,1749,1 %,1749,3,CC0
MM,licenseNote,text,,754,1 %,754,101,CC BY 4.0 | Open Access
MM,schemaVersion,string,,138387,100 %,138387,1,0.12.0
MM,source,string,,138387,100 %,138387,1,MM
MM,storageArea,string,,133030,96 %,133030,19,PHST01
MM,thumbnail,string,Link zum Vorschaubild,2705,2 %,2705,2697,"https://digital.dla-marbach.de/viewer/api/v1/records/HS00491666/files/images/HS_00491666_0001.tif/full/!480,480/0/default.jpg"
MM,title,text,,138387,100 %,138387,134098,Inhaltsverzeichnis Celan-Bibliothek
MM,url,string,,138387,100 %,138387,138387,https://www.dla-marbach.de/find/opac/id/MM01541924
PE,categoryEntity_mv,texts,,151165,26 %,151219,16,['Person']
PE,categoryIndex_mv,texts,,69961,12 %,82188,15,['Literarische/r Autor/in im Sinne der Bibliothek']
PE,classificationNewspaper_comment_mv,texts,,15537,3 %,15538,34,"['Autoren, Kritiker und Übersetzer']"
PE,classificationNewspaper_text_mv,texts,,15546,3 %,15547,40,['xy']
PE,classificationOther_comment_mv,texts,,4,0 %,4,1,Geschichte der Literaturwissenschaft
PE,classificationOther_text_mv,texts,,11,0 %,11,3,9.9.8
PE,corporation_display_mv,texts,aus KS display,27,0 %,28,27,"['S.-Fischer-Verlag <Frankfurt, Main> (1950)']"
PE,corporation_id_mv,strings,,27,0 %,28,27,['KS00011786']
PE,country_mv,texts,,158316,27 %,181328,263,['Deutschland']
PE,dateActivityEnd,daterange,,5656,1 %,5656,313,1920
PE,dateActivityStart,daterange,,14633,3 %,14633,356,2009
PE,dateCataloged,daterange,,579825,100 %,579825,7634,1997-06-17
PE,dateLifespanComment_mv,texts,,12201,2 %,12214,8734,['20./21. Jh.']
PE,dateLifespanEnd,daterange,,84318,15 %,84318,34882,1945
PE,dateLifespanStart,daterange,,171869,30 %,171869,44422,1964
PE,dateModified,daterange,,579825,100 %,579825,1,2026-02-19
PE,dateRetention,text,,59730,10 %,59730,489,2015
PE,display,text,Hauptbezeichnung,579825,100 %,579825,574040,"Meyer, Wilhelm"
PE,displayAddition1,text,Dritte Zeile der Trefferliste,162191,28 %,162191,54627,Schriftsteller
PE,displayAddition2,text,Vierte Zeile der Trefferliste,14791,3 %,14791,3893,Wirkungsdaten: 2009 – 
PE,filterDatePoint_mv,datepoints,Facette Zeit (Zeitpunkte),185838,32 %,276259,63839,['1964-01-01T00:00:00Z']
PE,filterDateRange_mv,dateranges,Facette Zeit (Zeiträume),185920,32 %,188252,82989,['1964']
PE,filterLocation_mv,strings,Facette Ort,131979,23 %,229586,31995,['Berlin']
PE,filterLocationType_mv,strings,Facette Ort mit Typ,131979,23 %,229586,41075,['Berlin␝Wirkungsort']
PE,filterSource,string,Facette Datenbestand,579825,100 %,579825,1,Personen
PE,filterType,string,Facette Medientyp,579825,100 %,579825,1,Normdaten
PE,gender,string,,184435,32 %,184435,3,männlich
PE,gnd_id_mv,strings,,193785,33 %,194711,194629,['118557211']
PE,gnd_type_mv,strings,,193776,33 %,194702,4,['GND-Nr.']
PE,id,string,,579825,100 %,579825,579825,PE00607952
PE,linkCommonsImage_file_mv,strings,aus lobid-gnd depiction und Wikidata P18,41639,7 %,44423,43415,['Adolph%20von%20Menzel%20-%20Bildnis%20Baron%20Alexander%20von%20Ungern-Sternberg.%20Pastell.jpg']
PE,linkCommonsImage_rights_mv,strings,aus Wikimedia Commons Artist/License,41639,7 %,44423,20052,['Wikimedia Commons | Public domain']
PE,linkCommonsSignature_file_mv,strings,aus Wikidata P109,4338,1 %,4371,4366,['Elisaveta%20of%20Romania%20-%20signature.png']
PE,linkCommonsSignature_rights_mv,strings,generiert aus Wikimedia Commons Artist/License,4338,1 %,4371,3650,['Wikimedia Commons | Public domain']
PE,linkDeutscheBiographie_mv,strings,aus lobid-gnd,11862,2 %,14666,14638,"['pnd11921895X.html#adbcontent', 'pnd11921895X.html#ndbcontent']"
PE,linkFilmportal_mv,strings,aus lobid-gnd sameAs:filmportal und Wikidata P2639,14121,2 %,14291,14211,['9086290311f84797a3fc32d17b05a6e3']
PE,linkWikidata,string,aus lobid-gnd,152907,26 %,152907,152824,Q55681870
PE,linkWikidataWebsite_mv,strings,aus Wikidata P856,6113,1 %,6325,6312,['https://sholemaleichem.org']
PE,linkWikipedia,string,aus lobid sameAs:dewiki,79325,14 %,79325,79266,Elisabeth_von_Ulmann
PE,nameAlternative_comment_mv,texts,,7305,1 %,57458,3077,['Geburtsname']
PE,nameAlternative_name_mv,texts,,110451,19 %,316634,305705,"['Meinsam, G.']"
PE,nameAlternative_suffix_mv,texts,,2792,0 %,34631,5257,['$d1952-']
PE,nameAlternative_type_mv,strings,,61503,11 %,204866,66,['Verweisung']
PE,noteExplanatory_text_mv,texts,,90518,16 %,125637,104651,['gnd1']
PE,noteExplanatory_type_mv,strings,,71775,12 %,104845,41,['Geschichte des Werks']
PE,noteRemark_text_mv,texts,,902,0 %,981,878,['SWB']
PE,noteRemark_type_mv,strings,,637,0 %,693,11,['Biografische Angaben']
PE,occupation_mv,texts,,162191,28 %,317621,8938,['Schriftsteller']
PE,place_mv,texts,,133681,23 %,234065,32502,['Berlin']
PE,placeBirth,text,,102552,18 %,102552,23028,Berlin
PE,placeDeath,text,,46302,8 %,46302,9112,Berlin
PE,reference_text_mv,texts,,196491,34 %,384566,70229,['GND']
PE,reference_type_mv,strings,,135130,23 %,278430,6,['positiv']
PE,relation_comment_mv,texts,,32902,6 %,204986,13832,"['Ehemann', '␣']"
PE,relation_id_mv,strings,,139396,24 %,586624,52906,['TH00001621']
PE,relation_text_mv,texts,,181645,31 %,687288,98549,['Schriftsteller']
PE,relation_type_mv,strings,,181654,31 %,687297,52,['Charakt. Beruf']
PE,schemaVersion,string,,579825,100 %,579825,1,0.12.0
PE,searchEntity_id_mv,strings,IDs der Normdaten-Verweise,214745,37 %,214745,214745,PE00687232
PE,searchEntityScore,pint,Anzahl der Verweise auf diesen Normdatensatz,214745,37 %,214745,1172,2
PE,searchSuggestPayload,string,ID und Anzeigetitel für Suggester (Trennzeichen: ␝),214745,37 %,214745,214745,"PE00653104␝Pedroni, Caterina (1910)"
PE,searchSuggestTerm_mv,strings,Suchbegriffe für Suggester,214745,37 %,510793,498889,"['Meyer, Wilhelm']"
PE,seeAlso_display_mv,texts,aus PE display,164,0 %,164,164,"Ebinger, Nelu"
PE,seeAlso_id_mv,strings,,164,0 %,164,164,PE00053680
PE,source,string,,579825,100 %,579825,1,PE
PE,statusEditing,string,,579825,100 %,579825,2,nicht-individualisiert
PE,title,text,,579825,100 %,579825,535595,"Müller, Ernst"
PE,titlePrefix,text,,9061,2 %,9061,988,Prof. Dr.
PE,titleSuffix,text,,629,0 %,629,462,Familie
PE,titleType,string,,3265,1 %,3265,14,ax
PE,url,string,,579825,100 %,579825,579825,https://www.dla-marbach.de/find/opac/id/PE00072936
PE,website_description_mv,texts,,37488,6 %,44132,15797,['Homepage']
PE,website_url_mv,strings,,38233,7 %,44931,42506,['http://www.deutsche-biographie.de']
SE,category,text,,229623,100 %,229623,3,Kette Bibliothek
SE,classificationAuthor_display_mv,texts,aus SY display,145111,63 %,145111,327,A0. Sekundärliteratur (nicht weiter differenziert)
SE,classificationAuthor_id_mv,strings,,145111,63 %,145111,327,SY00054891
SE,classificationChain,string,,229805,100 %,229805,229451,PE00022566 TE00039059
SE,classificationForm_display_mv,texts,aus SY display,1612,1 %,1612,12,F7. Einzelne Länder und Orte
SE,classificationForm_id_mv,strings,,1612,1 %,1612,12,SY00000115
SE,classificationSubject_display_mv,texts,aus SY display,50974,22 %,50974,4563,S8.1.8.2. Einzelne Tagungen zur deutschen Literatur
SE,classificationSubject_id_mv,strings,,50974,22 %,50974,4563,SY00004620
SE,corporation_display_mv,texts,aus KS display,19771,9 %,19813,15104,"['Suhrkamp-Verlag <Frankfurt, Main> (1950)']"
SE,corporation_id_mv,strings,,19771,9 %,19813,15107,['KS00001261']
SE,dateCataloged,daterange,,229817,100 %,229817,6783,2004-10-09
SE,dateModified,daterange,,229817,100 %,229817,3814,2014-06-22
SE,display,text,Hauptbezeichnung,229817,100 %,229817,229274,ohne Titel
SE,displayAddition1,text,Dritte Zeile der Trefferliste,229623,100 %,229623,3,Kette Bibliothek
SE,filterSource,string,Facette Datenbestand,229817,100 %,229817,1,Systematikketten
SE,filterSubject_mv,strings,Facette Thema,33806,15 %,34866,14649,"['Jünger, Ernst (1895–1998)']"
SE,filterType,string,Facette Medientyp,229817,100 %,229817,1,Normdaten
SE,id,string,,229817,100 %,229817,229817,SE00213012
SE,person_display_mv,texts,aus PE display,172173,75 %,181050,46202,"['Döblin, Alfred (1878–1957)']"
SE,person_id_mv,strings,,172173,75 %,181050,46214,['PE00006675']
SE,schemaVersion,string,,229817,100 %,229817,1,0.12.0
SE,searchEntity_id_mv,strings,IDs der Normdaten-Verweise,191192,83 %,247606,97244,['PE00001233']
SE,sequence_mv,strings,,229805,100 %,591943,8,"['Person', 'Autorenschema']"
SE,source,string,,229817,100 %,229817,1,SE
SE,subject_display_mv,texts,aus TH display,86764,38 %,146628,23485,['Autogramm']
SE,subject_id_mv,strings,,86764,38 %,146628,23520,['TH00039059']
SE,title,text,,229805,100 %,229805,229273,"Kariger, Jean Jacques / Autogramm"
SE,url,string,,229817,100 %,229817,229817,https://www.dla-marbach.de/find/opac/id/SE00036072
SE,work_display_mv,texts,aus AK display,46664,20 %,46743,35798,"['Döblin, Alfred (1878-1957). Berlin Alexanderplatz (Roman : 1929)']"
SE,work_id_mv,strings,,46664,20 %,46743,35923,['AK00041823']
SY,category,text,,7585,100 %,7585,3,Basisnotation
SY,child_display_mv,texts,aus SY display,1552,20 %,7573,7573,"['S19.1. Politik-, Sozial-, Wirtschaftswissenschaften / Allgemeines', 'S19.2. Politik-, Sozial-, Wirtschaftswissenschaften / Soziologie', 'S19.3. Politik-, Sozial-, Wirtschaftswissenschaften / Politik', 'S19.4. Politik-, Sozial-, Wirtschaftswissenschaften / Wirtschaft']"
SY,child_id_mv,strings,,1552,20 %,7573,7573,"['SY00014754', 'SY00014755', 'SY00014756', 'SY00022043']"
SY,dateCataloged,daterange,,7586,100 %,7586,212,2000-04-20
SY,dateModified,daterange,,7587,100 %,7587,111,2010-03-05
SY,display,text,Hauptbezeichnung,7587,100 %,7587,7584,S8.6.13. Katholische Literatur
SY,displayAddition1,text,Dritte Zeile der Trefferliste,7585,100 %,7585,3,Basisnotation
SY,filterSource,string,Facette Datenbestand,7587,100 %,7587,1,Fachsystematik
SY,filterType,string,Facette Medientyp,7587,100 %,7587,1,Normdaten
SY,id,string,,7587,100 %,7587,7587,SY00005070
SY,notation,string,,7587,100 %,7587,7559,S8.6.Vw
SY,parent_display_mv,texts,aus SY display,7573,100 %,7573,1552,S8.6. Deutsche Literatur / Aspekte
SY,parent_id_mv,strings,,7573,100 %,7573,1552,SY00004531
SY,schemaVersion,string,,7587,100 %,7587,1,0.12.0
SY,seeAlso_display_mv,texts,aus SY display,76,1 %,82,74,['S8.6.6. Geistliche Literatur']
SY,seeAlso_id_mv,strings,,76,1 %,82,76,['SY00005895']
SY,source,string,,7587,100 %,7587,1,SY
SY,subjectOther_mv,texts,,2086,27 %,2086,955,"Textsammlung, Anthologie, Lesebuch, Lesebücher, Anthologien, Sammlung, Sammlungen"
SY,title,text,,7587,100 %,7587,7531,Deutsche Literaturwissenschaft / Einzelne Themen bei einzelnen Autoren
SY,titleShort,text,,7587,100 %,7587,1801,Allgemeines
SY,url,string,,7587,100 %,7587,7587,https://www.dla-marbach.de/find/opac/id/SY00013255
TH,category,text,,71908,100 %,71908,3,Deskriptor
TH,categorySub,text,,71768,100 %,71768,6,geographisches/ethnisches Schlagwort
TH,child_display_mv,texts,aus TH display,2523,4 %,7418,6827,"['Diakonie', 'Caritas']"
TH,child_id_mv,strings,,2523,4 %,7418,6830,"['TH00056394', 'TH00055159']"
TH,country_mv,texts,,22925,32 %,25751,291,['Deutschland Baden-Württemberg']
TH,dateCataloged,daterange,,71908,100 %,71908,5356,2014-06-21
TH,dateModified,daterange,,71908,100 %,71908,1,2026-02-19
TH,dateOriginEnd,daterange,,1398,2 %,1398,424,1945
TH,dateOriginStart,daterange,,1710,2 %,1710,510,1945
TH,display,text,Hauptbezeichnung,71908,100 %,71908,71459,Grisons
TH,displayAddition1,text,Dritte Zeile der Trefferliste,71908,100 %,71908,14,Deskriptor. - geographisches/ethnisches Schlagwort
TH,filterDatePoint_mv,datepoints,Facette Zeit (Zeitpunkte),2638,4 %,3070,701,['1945-01-01T00:00:00Z']
TH,filterDateRange_mv,dateranges,Facette Zeit (Zeiträume),2638,4 %,2638,920,1945
TH,filterLanguage_mv,strings,Facette Sprache,272,0 %,272,84,Deutsch
TH,filterLanguageType_mv,strings,Facette Sprache mit Typ,272,0 %,272,84,Deutsch␝Original
TH,filterLocation_mv,strings,Facette Ort,1262,2 %,1426,717,['Deutschland']
TH,filterLocationType_mv,strings,Facette Ort mit Typ,1262,2 %,1426,783,['Deutschland␝nicht bestimmt']
TH,filterSource,string,Facette Datenbestand,71908,100 %,71908,1,Orte und Sachbegriffe
TH,filterType,string,Facette Medientyp,71908,100 %,71908,1,Normdaten
TH,gnd_id_mv,strings,,33782,47 %,33782,33775,4212705-1
TH,id,string,,71908,100 %,71908,71908,TH00024927
TH,language_mv,texts,,272,0 %,272,84,Deutsch
TH,parent_display_mv,texts,aus TH display,7761,11 %,8531,2528,['Motiv']
TH,parent_id_mv,strings,,7761,11 %,8531,2533,['TH00021502']
TH,reference_text_mv,texts,,34128,47 %,142273,52357,['z']
TH,reference_type_mv,strings,,34053,47 %,142195,13,"['Regelwerk', 'Quelle']"
TH,relation_comment_mv,texts,,238,0 %,2246,71,"['Ort der Verleihung', '␣', '␣', '␣']"
TH,relation_id_mv,strings,,30450,42 %,480762,176294,['TH00122554']
TH,relation_text_mv,texts,,31991,44 %,482768,184156,['Fluss']
TH,relation_type_mv,strings,,31991,44 %,482768,70,['Relation']
TH,schemaVersion,string,,71908,100 %,71908,1,0.12.0
TH,seeAlso_display_mv,texts,aus TH display,61,0 %,86,59,['Nummer']
TH,seeAlso_id_mv,strings,,61,0 %,86,61,['TH00039104']
TH,source,string,,71908,100 %,71908,1,TH
TH,title,text,,71908,100 %,71908,71459,Grisons
TH,url,string,,71908,100 %,71908,71908,https://www.dla-marbach.de/find/opac/id/TH00130954
TH,useTerm_display_mv,texts,aus TH display,26813,37 %,26966,9906,['Sankt Petersburg']
TH,useTerm_id_mv,strings,,26813,37 %,26966,9923,['TH00004292']
TH,usedFor_display_mv,texts,aus TH display,9973,14 %,26711,26146,['Annotation']
TH,usedFor_id_mv,strings,,9973,14 %,26711,26328,['TH00101412']
